그룹	행	2Depth	3Depth	Checklist	현재H	현재I	후보1_yaml	후보1_케이스	점수	후보2_yaml	후보2_케이스
Registration	11	Terms & Conditions		모두동의 체크박스 선택 시 체크박스 체크 동작 확인  - Confirm 버튼 활성화 	06_Registration_All	[01] 모두동의→확인 활성화					
Registration	12	Terms & Conditions		선택 동의사항 Uncheck 시 모두동의 체크박스 Uncheck 확인 - Confirm 버튼 활성화 유지 	06_Registration_All	[04] 선택항목 uncheck					
Registration	13	Terms & Conditions		필수동의사항 Uncheck 시 모두동의 체크박스 Uncheck 확인 - Confirm 버튼 비활성화	06_Registration_All	[02]+[03] 필수 uncheck→비활성화→재선택					
Registration	14	Terms & Conditions		Confirm 버튼 선택시 Sign UP 페이지 이동 확인	06_Registration_All	[05] Confirm→SignUp 이동					
Registration	15	Sign Up	User ID	User ID 입력필드 입력동작 확인 	06_Registration_All	[06] User ID 입력					
Registration	16	Sign Up	Password	Password 입력필드 입력동작확인 - 비밀번호 설정규칙 체크박스 활성화 확인	06_Registration_All	[07] Password 입력·규칙 확인					
Registration	17	Sign Up	Password	Confirm Password 입력필드 입력동작확인 - 비밀번호 일치 시 일치 체크박스 활성화 확인	06_Registration_All	[08] Confirm Password 일치 확인					
Registration	18	Sign Up	Mobile Number	Mobile Number 입력필드 입력동작 확인  -8자리입력 가능 	06_Registration_All	[09] Mobile Number 입력					
Registration	19	Sign Up	Nationality	Korean / Forreigner 항목 노출 및 선택 동작 확인 	06_Registration_All	[10] Nationality 선택(Korean/Foreigner)					
Registration	20	Sign Up	Save and Next	입력항목 모두 입력 시 버튼 활성화 확인 	06_Registration_All	[11] Save and Next 활성화·이동					
Registration	21	ID Information Verification	Korean	ID Card / Driving License 항목 발생 확인	06_Registration_All	[12] ID Card/Driving License 노출					
Registration	22	ID Information Verification	Korean	ID Card / Driving License 촬영 동작확인	06_Registration_All	[12] 촬영 동작 확인					
Registration	23	ID Information Verification	Korean	촬영한 신분증 정보 입력필드의 자동채움 동작 확인  - 수동입력 동작 확인 	06_Registration_All	[13] OCR 자동채움·수동입력 (Korean)					
Registration	24	ID Information Verification	Foreigner	Passport 항목 발생 확인	06_Registration_All	[14] Passport 항목 노출 (Foreigner)					
Registration	25	ID Information Verification	Foreigner	Passport 촬영동작 확인 	06_Registration_All	[15] Passport 촬영 동작					
Registration	26	ID Information Verification	Foreigner	촬영한 여권 정보 입력필드의 자동채움 동작 확인  - 수동입력 동작 확인 	06_Registration_All	[16] OCR 자동채움·수동입력 (Foreigner)					
Registration	27	ID Information Verification	Foreigner	ARC(외국인등록증) 촬영 동작 확인 (Foreigner) — 갤러리 ARC 선택 → 촬영 결과 확인 화면	06_Registration_All	[16a] ARC 촬영 동작 확인					
Registration	28	ID Information Verification	Foreigner	촬영한 ARC 정보 자동채움 / 수동입력 확인 (Foreigner) — 신분증번호 보안키패드, 발급일·만료일 선택	06_Registration_All	[16b] ARC OCR 자동채움·수동입력					
Registration	29	Personal Information	English Name	Sur name 입력동작 확인 	06_Registration_All	[17] Sur Name 입력					
Registration	30	Personal Information	English Name	Given Name 입력동작 확인 	06_Registration_All	[18] Given Name 입력·다음 활성화					
Registration	31	Personal Information	Address	도시 선택필드 선택 및 검색 동작 확인	06_Registration_All	[19] 도시 선택·검색					
Registration	32	Personal Information	Address	상세주소 입력동작 및 GPS 동작 확인 	06_Registration_All	[20] 상세주소 GPS 동작					
Registration	33	Personal Information	Occupation	Occupation 선택 동작 확인	06_Registration_All	[21] Occupation 선택					
Registration	34	Personal Information	Gender	Gender 선택 동작 확인 	06_Registration_All	[22] Gender 선택·다음 활성화					
Registration	35	Personal Information	Email	Email 입력동작 확인 	06_Registration_All	[23] Email 입력					
Registration	36	Personal Information	Referral Code	Referral Code 입력동작 확인 	06_Registration_All	[24] Referral Code 입력·다음 활성화					
Registration	37	Account Authenication	Referral Code	은행선택 필드 선택 동작 및 검색동작 확인 	06_Registration_All	[25] 은행 선택·검색					
Registration	38	Account Authenication	Referral Code	계좌번호 입력필드 입력동작 확인 	06_Registration_All	[26] 계좌번호 입력·확인 활성화					
Registration	39	Account Authenication	Referral Code	1원송금테스트 정상동작 확인 	—	—					
Registration	40	Simple Password Set	Referral Code	간편비빌번호설정 동작 및 로그인 동작 확인 	06_Registration_All	[27] 간편비밀번호 설정·로그인					
Registration	41	Screen Elements	Referral Code	초기화면 기본 요소 노출 — 언어 선택, 계좌입금·현금지급·모바일월렛 탭, 신규회원·로그인·지점·채팅 버튼	05_InitialScreen	[01] 초기화면 요소 노출 확인					
Initial  Screen	42	Select Language	Referral Code	언어변경 동작 확인	05_InitialScreen	[02] 언어 변경·복귀					
Initial  Screen	43	Today's Rate	Referral Code	국가 선택 및 금액 입력시 환율조회 동작 확인	05_InitialScreen	[03]+[04] 탭 전환·금액·통화 변경					
Initial  Screen	44	New User	Referral Code	이용약관 동의 화면 노출 확인	05_InitialScreen	[05] New User→약관 화면					
Initial  Screen	45	Login	Referral Code	Login 화면 이동 확인	05_InitialScreen	[06] Login→로그인 화면					
Initial  Screen	46	Branch	Referral Code	Branch 화면 이동 확인	05_InitialScreen	[07] Branch→지점 목록					
Initial  Screen	47	Chat	Referral Code	Chat 화면 이동 확인	05_InitialScreen	[08] Chat→팝업 노출·아니요·예					
Initial  Screen	48	App version	Referral Code	하단에 앱 버전 표시 확인	—	—					
Login	49	Find my User ID	Referral Code	User ID 문자 수신 확인	—	—					
Login	50	Forgot Password	Referral Code	New Password 문자 수신 확인	—	—					
Login	51	Register Here	Referral Code	이용약관 동의 화면 노출 확인	01_Login_remaining	[02] TODO (element ID 미확인)					
Login	52	Chat	Referral Code	Chat 화면 이동 확인	01_Login_remaining	[01] TODO (element ID 미확인)					
Login	53	Complex Password	Referral Code	로그인 성공 확인 	01_01_Login_First	복합 비밀번호 로그인 성공					
Login	54	Complex Password	Referral Code	로그인 실패 확인 ( 틀린 비밀번호 입력)	01_01_Login_First	틀린 비밀번호 1회 실패→성공					
Login	55	Complex Password	Referral Code	로그인 5회 실패 동작 확인 	—	—					
Login	56	Simple Password	Referral Code	로그인 성공 확인 	01_01_Login_First	간편비밀번호 설정·로그인 성공					
Login	57	Simple Password	Referral Code	로그인 실패 확인 ( 틀린 비밀번호 입력)	01_03_Login_Wrong simple password	틀린 간편비밀번호 입력					
Login	58	Simple Password	Referral Code	로그인 5회 실패 동작 확인 	01_03_Login_Wrong simple password	간편비밀번호 5회 실패					
Login	59	Biometric	Referral Code	로그인 성공 확인 	—	—					
Login	60	Biometric	Referral Code	로그인 실패(생체인식 실패) > 간편비밀번호 입력 > 로그인 성공확인	—	—					
Login	61	Home Elements	Referral Code	홈 화면 기본 요소 노출 — 인사말/이름, GME Wallet, 해외·국내·받기·입금 버튼, 하단 내비, 배너 인디케이터, 최	09_Home	[01] 홈 화면 기본 요소 노출					
HOME	62	Notification	Notification	알림 내역 표시 확인 - 검색 동작 확인			09_Home	[02] 잔액 마스킹 토글(눈 아이콘) 동작 확인	0.23	09_Home	[05] 알림 아이콘 탭 → 공지사항/알림 화면 이동 확인
HOME	63	Notification	Notification	알림 선택시 내용 표시 확인 - N표시 사라짐			09_Home	[05] 알림 아이콘 탭 → 공지사항/알림 화면 이동 확인	0.20	09_Home	[09] 송금 버튼 탭 → 송금 종류 바텀시트 노출 확인
HOME	64	Notification	Notification	알림 삭제 동작 확인			09_Home	[05] 알림 아이콘 탭 → 공지사항/알림 화면 이동 확인	0.31	09_Home	[02] 잔액 마스킹 토글(눈 아이콘) 동작 확인
HOME	65	Notification	Notice	공지사항 내역 표시 확인 - 검색 동작 확인			09_Home	[05] 알림 아이콘 탭 → 공지사항/알림 화면 이동 확인	0.27	09_Home	[02] 잔액 마스킹 토글(눈 아이콘) 동작 확인
HOME	66	Notification	Notice	공지사항 선택시 내용 표시 확인			09_Home	[05] 알림 아이콘 탭 → 공지사항/알림 화면 이동 확인	0.30	09_Home	[12] 플로팅 고객지원 버튼 탭 → 고객지원 바텀시트 항목 확인
HOME	67	Account	GME Wallet	GME Wallet Number 노출 확인 - Copy 동작 확인			09_Home	[14] GME Wallet 번호 복사 → 복사 완료 토스트 확인	0.36	09_Home	[01] 홈 화면 기본 요소 노출 확인
HOME	68	Account	GME Wallet	Total GME Balanece 노출 확인 - 선택시 Available 화면으로 전환			09_Home	[14] GME Wallet 번호 복사 → 복사 완료 토스트 확인	0.19	09_Home	[01] 홈 화면 기본 요소 노출 확인
HOME	69	Account	GME Wallet	Total Wallet Balanece 숨기기/보이기 동작 확인			09_Home	[14] GME Wallet 번호 복사 → 복사 완료 토스트 확인	0.24	09_Home	[02] 잔액 마스킹 토글(눈 아이콘) 동작 확인
HOME	70	Account	GME Wallet	잔액 숨김→재시작→***** KRW 유지 / 잔액 표시→재시작→정상금액 표시 확인	09_Home	[04] 잔액 토글 앱 재시작 후 상태 유지					
HOME	71	Account	GME Wallet	Transfer 선택시, 송금 바텀시트 발생 확인 - Overseas Transfer / Local Transfer			09_Home	[09] 송금 버튼 탭 → 송금 종류 바텀시트 노출 확인	0.25	09_Home	[12] 플로팅 고객지원 버튼 탭 → 고객지원 바텀시트 항목 확인
HOME	72	Account	GME Wallet	Deposit 선택시, GME Deposit Service 화면 이동 확인 - GME Wallet Deposit, GMEPay			09_Home	[14] GME Wallet 번호 복사 → 복사 완료 토스트 확인	0.16	09_Home	[15] 배너 탭 → 화면 이동 후 홈 복귀 확인
HOME	73	Account	Bank	Bank 선택시,  Bank 페이지로 전환 확인 - Wallet에서 스와이프시, Bank 페이지 이동 확인			09_Home	[04] QR 아이콘 탭 → 잔액 카드가 QR 페이지로 전환 확인	0.23	09_Home	[03] 잔액 카드 페이저 스와이프 → 계좌 전환 확인
HOME	74	Account	Bank	KTFC Account Number 노출 확인 - Copy 동작 확인			09_Home	[01] 홈 화면 기본 요소 노출 확인	0.20	09_Home	[02] 잔액 마스킹 토글(눈 아이콘) 동작 확인
HOME	75	Account	Bank	Bank Balanece 숨기기/보이기 동작 확인			09_Home	[02] 잔액 마스킹 토글(눈 아이콘) 동작 확인	0.23	09_Home	[15] 배너 탭 → 화면 이동 후 홈 복귀 확인
HOME	76	Account	Bank	Transfer 선택시, 송금 바텀시트 발생 확인 - Overseas Transfer / - Local Transfer			09_Home	[09] 송금 버튼 탭 → 송금 종류 바텀시트 노출 확인	0.24	09_Home	[12] 플로팅 고객지원 버튼 탭 → 고객지원 바텀시트 항목 확인
HOME	77	Account	Bank	Check Statement 선택시, Bamk Statement 이동 확인 - 은행 명세서 내역 표시여부를 묻는 팝업 발생			09_Home	[06] 리워드 포인트 탭 → 리워드 포인트 내역 화면 이동 확인	0.14	09_Home	[14] GME Wallet 번호 복사 → 복사 완료 토스트 확인
HOME	78	Account	Bank	Bank 페이지 스와이프시 계좌추가 페이지 노출 확인			09_Home	[03] 잔액 카드 페이저 스와이프 → 계좌 전환 확인	0.31	09_Home	[01] 홈 화면 기본 요소 노출 확인
HOME	79	Account	Bank	Add bank account 선택시, Bank Registeration 화면으로 전환됨			09_Home	[04] QR 아이콘 탭 → 잔액 카드가 QR 페이지로 전환 확인	0.09	09_Home	[14] GME Wallet 번호 복사 → 복사 완료 토스트 확인
HOME	80	Account	QR	QR 선택시, QR 페이지로 전환 확인 - Add Bank Account에서 스와이프시, QR 페이지 이동 확인			09_Home	[04] QR 아이콘 탭 → 잔액 카드가 QR 페이지로 전환 확인	0.32	09_Home	[03] 잔액 카드 페이저 스와이프 → 계좌 전환 확인
HOME	81	Account	QR	Send 선택시, 바텀시트 발생 확인 - Global QR, Local Transfer			09_Home	[09] 송금 버튼 탭 → 송금 종류 바텀시트 노출 확인	0.19	09_Home	[12] 플로팅 고객지원 버튼 탭 → 고객지원 바텀시트 항목 확인
HOME	82	Account	QR	Receive 선택시, My QR 화면 이동 확인			09_Home	[15] 배너 탭 → 화면 이동 후 홈 복귀 확인	0.34	09_Home	[11] 환율 영역 탭 → 오늘의 환율 화면 이동 확인
HOME	83	Reward Points	QR	보유한 Reward Points 노출 확인  - Reward Points 선택 시 Reward Point 화면 이동 확인 			09_Home	[15] 배너 탭 → 화면 이동 후 홈 복귀 확인	0.22	09_Home	[06] 리워드 포인트 탭 → 리워드 포인트 내역 화면 이동 확인
HOME	84	Rate	QR	실시간 환율이 표시 확인 - 선택시, Today's Rate 화면 이동 확인	07_TodaysRate	[01] 홈 환율 탭→Today's Rate 화면 이동					
HOME	85	Recent History	QR	최근 내역 더보기 탭 → 내역(History) 화면 이동 확인	09_Home	[10] 최근 내역 더보기→History 화면					
HOME	86	Recent History	QR	최근 내역 국내 재송금 탭 → 국내 송금 출금 계좌 선택 화면 이동 확인	09_Home	[11] 최근 내역 재송금(국내)→출금계좌 선택					
HOME	87	Recent History	QR	최근 내역 재송금 탭 → 해외/국내 화면 이동 — 해외 거래→해외송금상세 / 국내→국내송금	09_Home	[12] 최근 내역 재송금→해외/국내 화면					
HOME	88	Service Shortcuts	QR	ATM 출금 탭 → ATM 출금 화면 이동 확인 → 홈 복귀	09_Home	[13] ATM 탭→화면 이동					
HOME	89	Service Shortcuts	QR	모바일 충전 탭 → 모바일 충전 화면 이동 확인 → 홈 복귀	09_Home	[14] 모바일 충전 탭→화면 이동					
HOME	90	Service Shortcuts	QR	청구서 결제 탭 → 청구서 결제 화면 이동 확인 → 홈 복귀	09_Home	[15] 청구서 결제 탭→화면 이동					
HOME	91	Service Shortcuts	QR	GME 모바일 탭 → GME 텔레콤 화면 이동 확인 → 홈 복귀	09_Home	[16] GME 모바일 탭→화면 이동					
HOME	92	Service Shortcuts	QR	예약 탭 → 기차표 예약 화면 이동 확인 → 홈 복귀	09_Home	[17] 예약 탭→화면 이동					
HOME	93	Service Shortcuts	QR	증명서 발급 탭 → 증명서 발급 화면 이동 확인 → 홈 복귀	09_Home	[18] 증명서 발급 탭→화면 이동					
HOME	94	Service Shortcuts	QR	이벤트 탭 → 이벤트 화면 이동 확인 → 홈 복귀	09_Home	[19] 이벤트 탭→화면 이동					
HOME	95	Banner	QR	홈 화면 배너 자동 롤링 확인 — 3~4초 간격, N/N 인디케이터 전환 확인	09_Home	[21] 배너 자동 롤링 확인					
HOME	96	Banner	QR	배너 탭 → 앱 내 브라우저(웹뷰) 열림 → Back → 홈 복귀 확인	09_Home	[22] 배너 탭→웹뷰→홈 복귀					
HOME	97	Customer Support	-	[말풍선]버튼 선택시, Customer Support 팝업이 표시됨 - {요일}: 09:00 AM ~ 06:00 PM			09_Home	[10] 입금 버튼 탭 → 입금 서비스 화면 이동 확인	0.07	09_Home	[09] 송금 버튼 탭 → 송금 종류 바텀시트 노출 확인
HOME	98	Customer Support	Live Chat	챗봇 화면 전환 확인			09_Home	[01] 홈 화면 기본 요소 노출 확인	0.36	09_Home	[15] 배너 탭 → 화면 이동 후 홈 복귀 확인
HOME	99	Customer Support	Facebook	페이스북 페이지 전환 확인			09_Home	[03] 잔액 카드 페이저 스와이프 → 계좌 전환 확인	0.40	09_Home	[04] QR 아이콘 탭 → 잔액 카드가 QR 페이지로 전환 확인
HOME	100	Customer Support	Instagram	인스타그램 페이지 전환 확인			09_Home	[04] QR 아이콘 탭 → 잔액 카드가 QR 페이지로 전환 확인	0.33	09_Home	[03] 잔액 카드 페이저 스와이프 → 계좌 전환 확인
HOME	101	Customer Support	Naver	네이버 블로그 페이지 전환 확인			09_Home	[04] QR 아이콘 탭 → 잔액 카드가 QR 페이지로 전환 확인	0.34	09_Home	[03] 잔액 카드 페이저 스와이프 → 계좌 전환 확인
HOME	102	Customer Support	Kakao	카카오 화면 전환 확인			09_Home	[01] 홈 화면 기본 요소 노출 확인	0.35	09_Home	[11] 환율 영역 탭 → 오늘의 환율 화면 이동 확인
HOME	103	Customer Support	Call	전화번호 자동입력 확인			09_Home	[15] 배너 탭 → 화면 이동 후 홈 복귀 확인	0.25	09_Home	[01] 홈 화면 기본 요소 노출 확인
MENU	104	Information	Call	Full Name, Phone Number, Email 정보 표시 확인			04_Menu_History	[48] History - My Usage - International Top-up 선택 시 화면 진입 확인	0.20	04_Menu_History	[35] History - Top-up - International Topup 검색 동작 확인
MENU	105	LinkBank (KTFC) Account	Register Bank Account	은행목록 및 은행선택 동작 확인			04_Menu_History	[21] History - Account - Wallet Statement 필터 동작 확인	0.44	04_Menu_History	[23] History - Account - Wallet Statement 검색동작 확인
MENU	106	Link Bank Account	Register Bank Account	은행계좌번호 입력동작 확인 			04_Menu_History	[23] History - Account - Wallet Statement 검색동작 확인	0.39	04_Menu_History	[21] History - Account - Wallet Statement 필터 동작 확인
MENU	107	Link Bank Account	Register Bank Account	올바른 은행계좌번호 입력하여 계좌인증 성공 확인			04_Menu_History	[24] History - Account - Bank Statement 조회 확인	0.29	04_Menu_History	[20] History - Account - Wallet Statement 잔액 확인
MENU	108	Link Bank Account	Register Bank Account	올바르지않은 은행계좌번호 입력하여 계좌인증 실패 확인 			04_Menu_History	[24] History - Account - Bank Statement 조회 확인	0.28	04_Menu_History	[20] History - Account - Wallet Statement 잔액 확인
MENU	109	Link Bank Account	ARS Verification	ARS 정보 edit 동작 확인 			04_Menu_History	[21] History - Account - Wallet Statement 필터 동작 확인	0.52	04_Menu_History	[23] History - Account - Wallet Statement 검색동작 확인
MENU	110	Link Bank Account	ARS Verification	ARS 전달 언어 변경 동작 확인 			04_Menu_History	[21] History - Account - Wallet Statement 필터 동작 확인	0.47	04_Menu_History	[23] History - Account - Wallet Statement 검색동작 확인
MENU	111	Link Bank Account	ARS Verification	ARS Call 받지않음 동작 > SKIP 동작 확인  (계좌목록 Personal verification 버튼 확인)			04_Menu_History	[21] History - Account - Wallet Statement 필터 동작 확인	0.37	04_Menu_History	[20] History - Account - Wallet Statement 잔액 확인
MENU	112	Link Bank Account	ARS Verification	ARS Call 인증동작 성공 확인 및 KFTC 계좌등록 성공 확인			04_Menu_History	[23] History - Account - Wallet Statement 검색동작 확인	0.38	04_Menu_History	[21] History - Account - Wallet Statement 필터 동작 확인
MENU	113	Link Bank Account	Face Verification	셀피 촬영 동작 확인 			04_Menu_History	[21] History - Account - Wallet Statement 필터 동작 확인	0.46	04_Menu_History	[23] History - Account - Wallet Statement 검색동작 확인
MENU	114	Link Bank Account	Face Verification	ID Card / Passport 촬영 동작 확인 			04_Menu_History	[21] History - Account - Wallet Statement 필터 동작 확인	0.45	04_Menu_History	[23] History - Account - Wallet Statement 검색동작 확인
MENU	115	Link Bank Account	Face Verification	얼굴 인증 성공 및 KFTC 계좌등록 성공확인  - Confirmation Pending			04_Menu_History	[24] History - Account - Bank Statement 조회 확인	0.32	04_Menu_History	[20] History - Account - Wallet Statement 잔액 확인
MENU	116	Link Bank Account	Face Verification	KFTC 계좌 삭제 동작 확인 			04_Menu_History	[21] History - Account - Wallet Statement 필터 동작 확인	0.46	04_Menu_History	[23] History - Account - Wallet Statement 검색동작 확인
MENU	117	Link Bank Account	Customer Support	[?]선택시, CS팝업 발생 확인			26_Menu	[01-1] 은행 계좌 연결 → [?](csButton) → 고객센터 팝업 발생 확인	0.35	04_Menu_History	[24] History - Account - Bank Statement 조회 확인
MENU	118	Inbound Account	Add Inbound Account	은행리스트 및 선택 동작 확인			04_Menu_History	[21] History - Account - Wallet Statement 필터 동작 확인	0.44	04_Menu_History	[07] History - Remittance - 스케줄송금 필터 동작 확인
MENU	119	Inbound Account	Add Inbound Account	계좌번호 입력 동작 확인 			26_Menu	[08-3] 설정 → 추천인 번호 → 코드 입력 동작 확인	0.49	04_Menu_History	[21] History - Account - Wallet Statement 필터 동작 확인
MENU	120	Inbound Account	Add Inbound Account	1원인증 재전송 동작 확인 			04_Menu_History	[21] History - Account - Wallet Statement 필터 동작 확인	0.45	04_Menu_History	[19] History - Remittance - 인바운드 검색 동작 확인
MENU	121	Inbound Account	Add Inbound Account	계좌추가 동작 확인 및 1원인증 동작 확인 			04_Menu_History	[21] History - Account - Wallet Statement 필터 동작 확인	0.42	04_Menu_History	[23] History - Account - Wallet Statement 검색동작 확인
MENU	122	Inbound Account	Add Inbound Account	인바운드 등록계좌 삭제 동작 확인 			04_Menu_History	[19] History - Remittance - 인바운드 검색 동작 확인	0.59	04_Menu_History	[16] History - Remittance - 인바운드 필터 동작 확인
MENU	123	HIstory	My Usage	[←], [→]버튼 선택시 날짜(월) 변경 확인			04_Menu_History	[41] History - My Usage - [←],[→] 버튼 선택 시 날짜(월) 변경 확인	1.03	04_Menu_History	[42] History - My Usage - [Chart] 버튼 선택 시 막대/도넛 차트 변경 확인
MENU	124	HIstory	My Usage	[Chart]버튼 선택시 막대/도넛 차트 변경 확인			04_Menu_History	[42] History - My Usage - [Chart] 버튼 선택 시 막대/도넛 차트 변경 확인	1.08	04_Menu_History	[41] History - My Usage - [←],[→] 버튼 선택 시 날짜(월) 변경 확인
MENU	125	HIstory	My Usage	GME Card 선택시 화면 진입 확인			04_Menu_History	[43] History - My Usage - GME Card 선택 시 화면 진입 확인 (맨 뒤 배치)	0.92	04_Menu_History	[47] History - My Usage - ATM Withdrawal 선택 시 화면 진입 확인
MENU	126	HIstory	My Usage	Overseas Transfer 선택시 화면 진입 확인			04_Menu_History	[44] History - My Usage - Overseas Transfer(해외송금) 선택 시 화면 진입 확인	0.95	04_Menu_History	[45] History - My Usage - Domestic Transfer(국내 송금) 선택 시 화면 진입 확인
MENU	127	HIstory	My Usage	Domestic Transfer 선택시 화면 진입 확인			04_Menu_History	[45] History - My Usage - Domestic Transfer(국내 송금) 선택 시 화면 진입 확인	0.92	04_Menu_History	[44] History - My Usage - Overseas Transfer(해외송금) 선택 시 화면 진입 확인
MENU	128	HIstory	My Usage	International Bill Payment 선택시 화면 진입 확인			04_Menu_History	[46] History - My Usage - International Bill Payment(청구서) 선택 시 화면 진입 확	0.99	04_Menu_History	[48] History - My Usage - International Top-up 선택 시 화면 진입 확인
MENU	129	HIstory	My Usage	ATM Withdrawal 선택시 화면 진입 확인			04_Menu_History	[47] History - My Usage - ATM Withdrawal 선택 시 화면 진입 확인	1.05	04_Menu_History	[48] History - My Usage - International Top-up 선택 시 화면 진입 확인
MENU	130	HIstory	My Usage	International Top-up 선택시 화면 진입 확인			04_Menu_History	[48] History - My Usage - International Top-up 선택 시 화면 진입 확인	1.07	04_Menu_History	[46] History - My Usage - International Bill Payment(청구서) 선택 시 화면 진입 확
MENU	131	HIstory	Remittance	해외송금 필터동작 확인 			04_Menu_History	[04] History - Remittance - 해외송금 필터동작 확인	1.18	04_Menu_History	[15] History - Remittance - 국내송금 필터동작 확인
MENU	132	HIstory	Remittance	해외송금 이력 다운로드 동작 확인 			04_Menu_History	[05] History - Remittance - 해외송금 영수증 다운로드 동작 확인	0.94	04_Menu_History	[13] History - Remittance - 국내송금 영수증 다운로드 동작 확인
MENU	133	HIstory	Remittance	해외송금 상세페이지 Wallet 송금내역 재송금 동작 확인 - Send Money			04_Menu_History	[01] History - Remittance - 해외송금 상세페이지 재송금(Send Money) 동작 확인	0.90	04_Menu_History	[21] History - Account - Wallet Statement 필터 동작 확인
MENU	134	HIstory	Remittance	해외송금 상세페이지 KFTC 송금내역 재송금 동작 확인  - Send Money			04_Menu_History	[01] History - Remittance - 해외송금 상세페이지 재송금(Send Money) 동작 확인	0.91	04_Menu_History	[12] History - Remittance - 국내송금 상세페이지 확인
MENU	135	HIstory	Remittance	해외송금 영수증 다운로드 동작 확인 			04_Menu_History	[05] History - Remittance - 해외송금 영수증 다운로드 동작 확인	1.18	04_Menu_History	[13] History - Remittance - 국내송금 영수증 다운로드 동작 확인
MENU	136	HIstory	Remittance	해외송금 검색동작 확인 			04_Menu_History	[03] History - Remittance - 해외송금 검색동작 확인	1.18	04_Menu_History	[11] History - Remittance - 국내송금 검색동작 확인
MENU	137	HIstory	Remittance	스케줄송금 필터 동작 확인 			04_Menu_History	[07] History - Remittance - 스케줄송금 필터 동작 확인	1.18	04_Menu_History	[10] History - Remittance - 스케줄송금 검색동작 확인
MENU	138	HIstory	Remittance	스케줄송금 상세페이지 확인 			04_Menu_History	[08] History - Remittance - 스케줄송금 상세페이지 확인	1.18	04_Menu_History	[12] History - Remittance - 국내송금 상세페이지 확인
MENU	139	HIstory	Remittance	스케줄송금 이력 다운로드 동작 확인 			04_Menu_History	[07] History - Remittance - 스케줄송금 필터 동작 확인	0.79	04_Menu_History	[13] History - Remittance - 국내송금 영수증 다운로드 동작 확인
MENU	140	HIstory	Remittance	스케줄송금 검색동작 확인 			04_Menu_History	[10] History - Remittance - 스케줄송금 검색동작 확인	1.18	04_Menu_History	[11] History - Remittance - 국내송금 검색동작 확인
MENU	141	HIstory	Remittance	국내송금 검색동작 확인 			04_Menu_History	[11] History - Remittance - 국내송금 검색동작 확인	1.18	04_Menu_History	[15] History - Remittance - 국내송금 필터동작 확인
MENU	142	HIstory	Remittance	국내송금 상세페이지 확인			04_Menu_History	[12] History - Remittance - 국내송금 상세페이지 확인	1.18	04_Menu_History	[08] History - Remittance - 스케줄송금 상세페이지 확인
MENU	143	HIstory	Remittance	국내송금 영수증 다운로드 동작 확인			04_Menu_History	[13] History - Remittance - 국내송금 영수증 다운로드 동작 확인	1.18	04_Menu_History	[05] History - Remittance - 해외송금 영수증 다운로드 동작 확인
MENU	144	HIstory	Remittance	국내송금 이력 다운로드 동작 확인 			04_Menu_History	[13] History - Remittance - 국내송금 영수증 다운로드 동작 확인	0.94	04_Menu_History	[05] History - Remittance - 해외송금 영수증 다운로드 동작 확인
MENU	145	HIstory	Remittance	국내송금 필터동작 확인			04_Menu_History	[15] History - Remittance - 국내송금 필터동작 확인	1.18	04_Menu_History	[11] History - Remittance - 국내송금 검색동작 확인
MENU	146	HIstory	Remittance	인바운드 필터 동작 확인 			04_Menu_History	[16] History - Remittance - 인바운드 필터 동작 확인	1.18	04_Menu_History	[19] History - Remittance - 인바운드 검색 동작 확인
MENU	147	HIstory	Remittance	인바운드 상세페이지 확인 			04_Menu_History	[12] History - Remittance - 국내송금 상세페이지 확인	0.76	04_Menu_History	[08] History - Remittance - 스케줄송금 상세페이지 확인
MENU	148	HIstory	Remittance	인바운드 이력 다운로드 동작 확인			04_Menu_History	[19] History - Remittance - 인바운드 검색 동작 확인	0.77	04_Menu_History	[16] History - Remittance - 인바운드 필터 동작 확인
MENU	149	HIstory	Remittance	인바운드 검색 동작 확인 			04_Menu_History	[19] History - Remittance - 인바운드 검색 동작 확인	1.18	04_Menu_History	[16] History - Remittance - 인바운드 필터 동작 확인
MENU	150	HIstory	Account	Wallet Statement 잔액 확인 			04_Menu_History	[20] History - Account - Wallet Statement 잔액 확인	1.18	04_Menu_History	[23] History - Account - Wallet Statement 검색동작 확인
MENU	151	HIstory	Account	Wallet Statement 필터 동작 확인 			04_Menu_History	[21] History - Account - Wallet Statement 필터 동작 확인	1.18	04_Menu_History	[23] History - Account - Wallet Statement 검색동작 확인
MENU	152	HIstory	Account	Wallet Statement 이력 다운로드 동작 확인			04_Menu_History	[21] History - Account - Wallet Statement 필터 동작 확인	0.89	04_Menu_History	[23] History - Account - Wallet Statement 검색동작 확인
MENU	153	HIstory	Account	Wallet Statement 검색동작 확인 			04_Menu_History	[23] History - Account - Wallet Statement 검색동작 확인	1.18	04_Menu_History	[20] History - Account - Wallet Statement 잔액 확인
MENU	154	HIstory	Account	Bank Statement 조회 확인 			04_Menu_History	[24] History - Account - Bank Statement 조회 확인	1.18	04_Menu_History	[20] History - Account - Wallet Statement 잔액 확인
MENU	155	HIstory	Account	Bank Statement 검색 동작 확인 			04_Menu_History	[24] History - Account - Bank Statement 조회 확인	0.86	04_Menu_History	[21] History - Account - Wallet Statement 필터 동작 확인
MENU	156	HIstory	GMEPAY	All 탭 잔액 확인			04_Menu_History	[26] History - GMEPAY - All(모든 거래) 탭 잔액 확인	0.85	04_Menu_History	[27] History - GMEPAY - All 탭 이력 및 검색동작 확인
MENU	157	HIstory	GMEPAY	All 탭 이력 및 검색동작 확인			04_Menu_History	[27] History - GMEPAY - All 탭 이력 및 검색동작 확인	1.18	04_Menu_History	[11] History - Remittance - 국내송금 검색동작 확인
MENU	158	HIstory	GMEPAY	Card Expenses 이력 및 검색동작 확인			04_Menu_History	[28] History - GMEPAY - Card Expenses(사용 내역) 이력 및 검색동작 확인	0.98	04_Menu_History	[27] History - GMEPAY - All 탭 이력 및 검색동작 확인
MENU	159	HIstory	GMEPAY	Purchase History 이력 및 검색동작 확인			04_Menu_History	[29] History - GMEPAY - Purchase History(결제 내역) 이력 및 검색동작 확인	0.99	04_Menu_History	[27] History - GMEPAY - All 탭 이력 및 검색동작 확인
MENU	160	HIstory	Top-up	Domestic Topup 리스트 노출 확인			04_Menu_History	[30] History - Top-up - Domestic(국내 송금) Topup 리스트 노출 확인	0.98	04_Menu_History	[32] History - Top-up - Domestic Topup 검색 동작 확인
MENU	161	HIstory	Top-up	Domestic Topup 필터 동작 확인			04_Menu_History	[31] History - Top-up - Domestic Topup 필터 동작 확인	1.18	04_Menu_History	[32] History - Top-up - Domestic Topup 검색 동작 확인
MENU	162	HIstory	Top-up	Domestic Topup 검색 동작 확인			04_Menu_History	[32] History - Top-up - Domestic Topup 검색 동작 확인	1.18	04_Menu_History	[31] History - Top-up - Domestic Topup 필터 동작 확인
MENU	163	HIstory	Top-up	International Topup 리스트 노출 확인 			04_Menu_History	[33] History - Top-up - International(해외) Topup 리스트 노출 확인	1.06	04_Menu_History	[35] History - Top-up - International Topup 검색 동작 확인
MENU	164	HIstory	Top-up	International Topup 필터 동작 확인			04_Menu_History	[34] History - Top-up - International Topup 필터 동작 확인	1.18	04_Menu_History	[35] History - Top-up - International Topup 검색 동작 확인
MENU	165	HIstory	Top-up	International Topup 검색 동작 확인			04_Menu_History	[35] History - Top-up - International Topup 검색 동작 확인	1.18	04_Menu_History	[34] History - Top-up - International Topup 필터 동작 확인
MENU	166	HIstory	Coupon Box	사용가능한 쿠폰 / 사용한 쿠폰 / 만료된 쿠폰 / 서비스쿠폰 리스트 확인			04_Menu_History	[33] History - Top-up - International(해외) Topup 리스트 노출 확인	0.36	04_Menu_History	[30] History - Top-up - Domestic(국내 송금) Topup 리스트 노출 확인
MENU	167	HIstory	Reward Point	Reward Point 필터 동작 확인 			04_Menu_History	[21] History - Account - Wallet Statement 필터 동작 확인	0.66	04_Menu_History	[16] History - Remittance - 인바운드 필터 동작 확인
MENU	168	HIstory	Reward Point	[Go To GME Shop ] 선택 시 Shop 페이지로 이동 확인 			04_Menu_History	[43] History - My Usage - GME Card 선택 시 화면 진입 확인 (맨 뒤 배치)	0.47	04_Menu_History	[32] History - Top-up - Domestic Topup 검색 동작 확인
MENU	169	HIstory	Bill Payment	Bill Payment History 필터 동작 확인			04_Menu_History	[39] History - Bill Payment - Bill Payment History 필터 동작 확인	1.18	04_Menu_History	[40] History - Bill Payment - Bill Payment History 검색 동작 확인
MENU	170	HIstory	Bill Payment	Bill Payment History 검색 동작 확인			04_Menu_History	[40] History - Bill Payment - Bill Payment History 검색 동작 확인	1.18	04_Menu_History	[39] History - Bill Payment - Bill Payment History 필터 동작 확인
MENU	171	Branch	Bill Payment	Branch 주소 복사 동작 확인			04_Menu_History	[40] History - Bill Payment - Bill Payment History 검색 동작 확인	0.51	04_Menu_History	[39] History - Bill Payment - Bill Payment History 필터 동작 확인
MENU	172	Branch	Bill Payment	Branch 주소 한영 변환 동작 확인 			04_Menu_History	[40] History - Bill Payment - Bill Payment History 검색 동작 확인	0.49	04_Menu_History	[39] History - Bill Payment - Bill Payment History 필터 동작 확인
MENU	173	Branch	Bill Payment	Branch 영업시간 노출/비노출 동작 확인			04_Menu_History	[40] History - Bill Payment - Bill Payment History 검색 동작 확인	0.47	04_Menu_History	[39] History - Bill Payment - Bill Payment History 필터 동작 확인
MENU	174	Branch	Bill Payment	Branch 지도 선택 시 정상 동작 확인 			04_Menu_History	[40] History - Bill Payment - Bill Payment History 검색 동작 확인	0.48	04_Menu_History	[39] History - Bill Payment - Bill Payment History 필터 동작 확인
MENU	175	About GME	Bill Payment	About GME App 버전 정상 노출 확인			26_Menu	[04] 드로어 → GME 소개 → 앱 버전/업데이트 확인 노출	0.37	04_Menu_History	[40] History - Bill Payment - Bill Payment History 검색 동작 확인
MENU	176	About GME	Bill Payment	Follow us on [f] 선택시, 사용자의 국적과 일치하는 페이스북 진입 확인			04_Menu_History	[40] History - Bill Payment - Bill Payment History 검색 동작 확인	0.30	04_Menu_History	[39] History - Bill Payment - Bill Payment History 필터 동작 확인
MENU	177	Settings	Change Password	현재 비밀번호 입력 동작 학인 			04_02_Change_LoginPassword	[11] 현재 비밀번호 오입력 시 서버 거절	0.45	26_Menu	[08-3] 설정 → 추천인 번호 → 코드 입력 동작 확인
MENU	178	Settings	Change Password	새로운 비밀번호 입력 동작확인  			26_Menu	[08-3] 설정 → 추천인 번호 → 코드 입력 동작 확인	0.34	04_01_Change_SimplePassword	[01] 드로어 → 설정 → 간편 비밀번호 변경 진입 확인
MENU	179	Settings	Change Password	새로운 비밀번호 확인입력 동작 확인 			26_Menu	[08-3] 설정 → 추천인 번호 → 코드 입력 동작 확인	0.37	04_Menu_History	[19] History - Remittance - 인바운드 검색 동작 확인
MENU	180	Settings	Change Password	새로운 비밀번호 입력 시 규칙 적용 확인 			04_01_Change_SimplePassword	[01] 드로어 → 설정 → 간편 비밀번호 변경 진입 확인	0.33	04_02_Change_LoginPassword	[11] 현재 비밀번호 오입력 시 서버 거절
MENU	181	Settings	Change Password	새로운 비밀번호 일치하지 않을 시 저장 불가한지 확인  			04_01_Change_SimplePassword	[01] 드로어 → 설정 → 간편 비밀번호 변경 진입 확인	0.26	04_02_Change_LoginPassword	[11] 현재 비밀번호 오입력 시 서버 거절
MENU	182	Settings	Change Password	현재 비밀번호 일치하지 않을 시 저장 불가한지 확인 			04_02_Change_LoginPassword	[11] 현재 비밀번호 오입력 시 서버 거절	0.31	04_01_Change_SimplePassword	[01] 드로어 → 설정 → 간편 비밀번호 변경 진입 확인
MENU	183	Settings	Change Password	변경한 비밀번호로 로그인 동작 확인			04_Menu_History	[19] History - Remittance - 인바운드 검색 동작 확인	0.35	04_Menu_History	[16] History - Remittance - 인바운드 필터 동작 확인
MENU	184	Settings	Change Simple Password	숫자 키패드 [X] 버튼 동작 확인 * NO/ Yes 동작 확인 			04_Menu_History	[19] History - Remittance - 인바운드 검색 동작 확인	0.26	04_Menu_History	[16] History - Remittance - 인바운드 필터 동작 확인
MENU	185	Settings	Change Simple Password	틀린 현재 간편비밀번호 입력 시 동작 확인			26_Menu	[08-3] 설정 → 추천인 번호 → 코드 입력 동작 확인	0.39	04_02_Change_LoginPassword	[11] 현재 비밀번호 오입력 시 서버 거절
MENU	186	Settings	Change Simple Password	유효한 현재 간편비밀번호 입력 시 동작 확인 			26_Menu	[08-3] 설정 → 추천인 번호 → 코드 입력 동작 확인	0.39	04_02_Change_LoginPassword	[11] 현재 비밀번호 오입력 시 서버 거절
MENU	187	Settings	Change Simple Password	새 간편 비밀번호 입력 시, 기존 간편 비밀번호 입력 불가 확인 			04_01_Change_SimplePassword	[01] 드로어 → 설정 → 간편 비밀번호 변경 진입 확인	0.36	04_02_Change_LoginPassword	[11] 현재 비밀번호 오입력 시 서버 거절
MENU	188	Settings	Change Simple Password	유효한 새 간편비밀번호 입력 시 동작 확인 			26_Menu	[08-3] 설정 → 추천인 번호 → 코드 입력 동작 확인	0.41	04_01_Change_SimplePassword	[01] 드로어 → 설정 → 간편 비밀번호 변경 진입 확인
MENU	189	Settings	Change Simple Password	간편 비밀번호 재입력시, 다른 간편 비밀번호 입력 동작 확인			04_01_Change_SimplePassword	[01] 드로어 → 설정 → 간편 비밀번호 변경 진입 확인	0.35	26_Menu	[08-3] 설정 → 추천인 번호 → 코드 입력 동작 확인
MENU	190	Settings	Change Simple Password	동일한 간편 비밀번호 재입력시 동작확인			04_01_Change_SimplePassword	[01] 드로어 → 설정 → 간편 비밀번호 변경 진입 확인	0.37	04_02_Change_LoginPassword	[11] 현재 비밀번호 오입력 시 서버 거절
MENU	191	Settings	Change Simple Password	복합 비밀번호로 간편 비밀번호 변경시, 틀린 간편 비밀번호 입력 동작 확인 - 5회까지 입력 가능하며, 5회 실패시 로그인 화			04_01_Change_SimplePassword	[01] 드로어 → 설정 → 간편 비밀번호 변경 진입 확인	0.24	26_Menu	[08-3] 설정 → 추천인 번호 → 코드 입력 동작 확인
MENU	192	Settings	Change Simple Password	복합 비밀번호로 간편 비밀번호 변경 확인			04_01_Change_SimplePassword	[01] 드로어 → 설정 → 간편 비밀번호 변경 진입 확인	0.54	26_Menu	[08-5] 설정 → 간편 비밀번호 변경 → 키패드 [X] → 취소 팝업 아니요/예
MENU	193	Settings	Change Simple Password	얼굴 검증(Passport)으로 간편 비밀번호 변경 확인 - ID Number not matched - Face Verific			04_01_Change_SimplePassword	[01] 드로어 → 설정 → 간편 비밀번호 변경 진입 확인	0.22	04_Menu_History	[35] History - Top-up - International Topup 검색 동작 확인
MENU	194	Settings	Change Simple Password	얼굴 검증(Korean ID Card)으로 간편 비밀번호 변경 확인 - ID Number not matched - Face V			04_01_Change_SimplePassword	[01] 드로어 → 설정 → 간편 비밀번호 변경 진입 확인	0.21	04_Menu_History	[48] History - My Usage - International Top-up 선택 시 화면 진입 확인
MENU	195	Settings	Change Simple Password	얼굴 검증(Alien ID Card)으로 간편 비밀번호 변경 확인 - ID Number not matched - Face Ve			04_01_Change_SimplePassword	[01] 드로어 → 설정 → 간편 비밀번호 변경 진입 확인	0.21	04_Menu_History	[48] History - My Usage - International Top-up 선택 시 화면 진입 확인
MENU	196	Settings	Change Simple Password	변경된 간편 비밀번호로 로그인 동작 확인			04_01_Change_SimplePassword	[01] 드로어 → 설정 → 간편 비밀번호 변경 진입 확인	0.33	04_Menu_History	[19] History - Remittance - 인바운드 검색 동작 확인
MENU	197	Settings	Use Biometirc	단말 생체인식 미사용 시, App 생체인식 비활성화확인 			26_Menu	[08-1] 설정 → GME 회원 탈퇴 → 동의 체크박스 미선택 시 "계속" 비활성화	0.15	26_Menu	[08-2] 회원 탈퇴 → 사유 화면 → 사유 미선택 시 "계정 삭제하기" 비활성화
MENU	198	Settings	Use Biometirc	단말 생체인식 사용 시, App 생체인식 활성화 확인 			04_Menu_History	[28] History - GMEPAY - Card Expenses(사용 내역) 이력 및 검색동작 확인	0.17	04_Menu_History	[48] History - My Usage - International Top-up 선택 시 화면 진입 확인
MENU	199	Settings	Use Biometirc	생체인식 사용 시, 로그인 정상동작 확인 			04_Menu_History	[19] History - Remittance - 인바운드 검색 동작 확인	0.26	04_Menu_History	[16] History - Remittance - 인바운드 필터 동작 확인
MENU	200	Settings	Use Biometirc	생체인식 사용 시, 송금 정상동작 확인 			04_Menu_History	[15] History - Remittance - 국내송금 필터동작 확인	0.32	04_Menu_History	[11] History - Remittance - 국내송금 검색동작 확인
MENU	201	Settings	Use Biometirc	생체인식 미 사용 시, 로그인 정상동작 확인 			04_Menu_History	[19] History - Remittance - 인바운드 검색 동작 확인	0.25	04_Menu_History	[16] History - Remittance - 인바운드 필터 동작 확인
MENU	202	Settings	Use Biometirc	생체인식 미 사용 시, 송금 정상동작 확인 			04_Menu_History	[15] History - Remittance - 국내송금 필터동작 확인	0.31	04_Menu_History	[11] History - Remittance - 국내송금 검색동작 확인
MENU	203	Settings	Marketing Receive	마케팅 서비스 ON/ OFF 동작 확인 			26_Menu	[08-4] 설정 → 마케팅 수신 동의 ON/OFF 토글	0.43	04_Menu_History	[07] History - Remittance - 스케줄송금 필터 동작 확인
MENU	204	Settings	Language	언어 변경 동작 확인 - 모든 국가 언어 변경 확인 			04_Menu_History	[19] History - Remittance - 인바운드 검색 동작 확인	0.26	04_Menu_History	[16] History - Remittance - 인바운드 필터 동작 확인
MENU	205	Settings	Terms and Condtions	이용약관 정상 노출 확인 			26_Menu	[06] 드로어 → 이용약관 → 약관 목록 화면 이동 확인	0.33	04_01_Change_SimplePassword	[05] 4단계 - 본인 확인 방법 선택 화면 노출 확인
MENU	206	Settings	Referral Code	대부 추천인코드 입력 동작 확인			26_Menu	[08-3] 설정 → 추천인 번호 → 코드 입력 동작 확인	0.55	04_Menu_History	[19] History - Remittance - 인바운드 검색 동작 확인
MENU	207	Settings	Delete GME Account	계정삭제 동의 진입 확인 - 동의 체크박스 미선택시 Countinue 버튼 비활성화			26_Menu	[08-1] 설정 → GME 회원 탈퇴 → 동의 체크박스 미선택 시 "계속" 비활성화	0.35	04_Menu_History	[24] History - Account - Bank Statement 조회 확인
MENU	208	Settings	Delete GME Account	계정 삭제 사유 진입 확인 - 사유 미선택시 Delete My Account 버튼 비활성화			04_Menu_History	[24] History - Account - Bank Statement 조회 확인	0.35	04_Menu_History	[20] History - Account - Wallet Statement 잔액 확인
MENU	209	Logout	Delete GME Account	로그아웃 동작 확인 (ID/PW 입력 화면으로 이동 확인)  -Andorid : 간편비밀번호 페이지 이동 / iOS : 앱종료			04_Menu_History	[21] History - Account - Wallet Statement 필터 동작 확인	0.30	04_Menu_History	[24] History - Account - Bank Statement 조회 확인
MY QR	210	Receive	Delete GME Account	Enter Amount 입력 동작 확인 	08_MyQR	[03] [구06] Amount 입력 후 QR 생성					
MY QR	211	Receive	Delete GME Account	Receiving account 계좌 변경 동작 확인 Default : Wallet 	08_MyQR	[03] [구03] Receiving account 변경					
MY QR	212	Receive	Delete GME Account	QR코드 저장동작 확인 	08_MyQR	[03]+[04] [구01] QR 저장					
MY QR	213	Receive	Delete GME Account	QR코드 공유동작 확인 	08_MyQR	[01] QR 공유 (Teams 전송)					
MY QR	214	Receive	Delete GME Account	글로벌 QR 버튼 탭 후 Back → 내 QR 복귀 / 국내 송금 탭 후 Back → 내 QR 복귀 확인	08_MyQR	[02] 글로벌QR·국내송금→Back→My QR 복귀					
MY QR	215	Receive	Delete GME Account	Amount 입력 상태 QR 송금받기 동작 확인 	08_MyQR	[03] [구06+구09] Amount QR 스캔→송금					
MY QR	216	Receive	Delete GME Account	Amount 미입력 상태 QR 송금받기 동작 확인 	08_MyQR	[04] Amount 미입력 QR 스캔→미자동입력 확인					
MY QR	217	Receive	Delete GME Account	받는계좌 변경 후 QR 송금받기 동작 확인 	08_MyQR	[03] [구03+구09] 계좌변경 QR 스캔→송금					
MY QR	218	Receive	Delete GME Account	받는 계좌 변경 + Amount 입력 조합 QR 확인	08_MyQR	[03] [구07] 계좌변경+금액입력 조합 QR					
MY QR	219	Sending	Delete GME Account	QR 스캔 시 국내송금 금액 입력 페이지 이동 확인 	08_MyQR	[03]+[04] [구09] QR 스캔→국내송금 화면					
MY QR	220	Sending	Delete GME Account	Amount 입력된 QR 스캔 시 금액 자동입력 확인 	08_MyQR	[03] [구06] amount=1원 QR 스캔 (명시 검증 없음)					
MY QR	221	Sending	Delete GME Account	Wallet 아닌 다른계좌 QR스캔 후 송금 동작 확인 	08_MyQR	[03] 케이뱅크 계좌 QR→송금 완료					
Overseas Transfer	222	Add Recipient	Send Now	수취인 추가 동작 확인			02_02_Overseas_Schedule	[04] 기존 수취인 정상 추가 동작 확인	0.75	02_01_Overseas_Send now	[04] 실시간 송금 탭 - 수취인 추가 동작 확인 (Send Now)
Overseas Transfer	223	Add Recipient	Send Now	수취인 화면 필터 동작 확인 			02_02_Overseas_Schedule	[06] 예약 탭 - 수취인 화면 필터(설정) 동작 확인	0.84	02_01_Overseas_Send now	[03] 실시간 송금 탭 - 수취인 화면 필터(설정) 동작 확인
Overseas Transfer	224	Add Recipient	Send Now	기 등록된 수취인 삭제 동작 확인 			02_02_Overseas_Schedule	[04] 기존 수취인 정상 추가 동작 확인	0.51	02_02_Overseas_Schedule	[06] 예약 탭 - 수취인 화면 필터(설정) 동작 확인
Overseas Transfer	225	Add Recipient	Send Now	기 등록된 수취인 정보 수정 동작 확인			02_02_Overseas_Schedule	[04] 기존 수취인 정상 추가 동작 확인	0.50	02_02_Overseas_Schedule	[06] 예약 탭 - 수취인 화면 필터(설정) 동작 확인
Overseas Transfer	226	Transfer Try_Wallet	Simple Password	간편 비밀번호 틀릴 시 송금불가 확인			02_01_Overseas_Send now	[04] 실시간 송금 탭 - 수취인 추가 동작 확인 (Send Now)	0.21	02_01_Overseas_Send now	[03] 실시간 송금 탭 - 수취인 화면 필터(설정) 동작 확인
Overseas Transfer	227	Transfer Try_Wallet	Simple Password	간편 비밀번호 일치 시 송금동작 확인 			02_01_Overseas_Send now	[03] 실시간 송금 탭 - 수취인 화면 필터(설정) 동작 확인	0.25	02_01_Overseas_Send now	[04] 실시간 송금 탭 - 수취인 추가 동작 확인 (Send Now)
Overseas Transfer	228	Transfer Try_Wallet	Simple Password	영수증 및 영수증 다운로드 동작 확인			02_02_Overseas_Schedule	[04] 기존 수취인 정상 추가 동작 확인	0.31	02_02_Overseas_Schedule	[06] 예약 탭 - 수취인 화면 필터(설정) 동작 확인
Overseas Transfer	229	Transfer Try_Wallet	Biometric	생체인식 틀릴 시 송금불가 확인 - Simple Password 발생 확인 및 입력 시 정상 송금 동작 확인 			02_02_Overseas_Schedule	[04] 기존 수취인 정상 추가 동작 확인	0.23	02_01_Overseas_Send now	[03] 실시간 송금 탭 - 수취인 화면 필터(설정) 동작 확인
Overseas Transfer	230	Transfer Try_Wallet	Biometric	생체인식 일치 시 송금동작 확인 			02_01_Overseas_Send now	[03] 실시간 송금 탭 - 수취인 화면 필터(설정) 동작 확인	0.27	02_02_Overseas_Schedule	[04] 기존 수취인 정상 추가 동작 확인
Overseas Transfer	231	Transfer Try_Wallet	Biometric	영수증 및 영수증 다운로드 동작 확인			02_02_Overseas_Schedule	[04] 기존 수취인 정상 추가 동작 확인	0.31	02_02_Overseas_Schedule	[06] 예약 탭 - 수취인 화면 필터(설정) 동작 확인
Overseas Transfer	232	Transfer Try_Openbanking (KFTC)	OTP / Simple Password	OTP 불일치 시 송금불가 확인 			02_01_Overseas_Send now	[04] 실시간 송금 탭 - 수취인 추가 동작 확인 (Send Now)	0.22	02_02_Overseas_Schedule	[01] 바텀시트 및 새 수취인 추가 폼 진입 확인
Overseas Transfer	233	Transfer Try_Openbanking (KFTC)	OTP / Simple Password	OTP 일치 시 송금동작 확인 			02_01_Overseas_Send now	[03] 실시간 송금 탭 - 수취인 화면 필터(설정) 동작 확인	0.28	02_01_Overseas_Send now	[04] 실시간 송금 탭 - 수취인 추가 동작 확인 (Send Now)
Overseas Transfer	234	Transfer Try_Openbanking (KFTC)	OTP / Simple Password	영수증 및 영수증 다운로드 동작 확인			02_02_Overseas_Schedule	[04] 기존 수취인 정상 추가 동작 확인	0.31	02_02_Overseas_Schedule	[06] 예약 탭 - 수취인 화면 필터(설정) 동작 확인
Overseas Transfer	235	Transfer Try_Openbanking (KFTC)	Biometric	생체인식 틀릴시 송금 불가 확인  - OTP 입력페이지 발생 확인 및 정상 입력 시 송금 확인 			02_02_Overseas_Schedule	[04] 기존 수취인 정상 추가 동작 확인	0.18	02_01_Overseas_Send now	[04] 실시간 송금 탭 - 수취인 추가 동작 확인 (Send Now)
Overseas Transfer	236	Transfer Try_Openbanking (KFTC)	Biometric	생체인식 일치 시 송금동작 확인 			02_01_Overseas_Send now	[03] 실시간 송금 탭 - 수취인 화면 필터(설정) 동작 확인	0.27	02_02_Overseas_Schedule	[04] 기존 수취인 정상 추가 동작 확인
Overseas Transfer	237	Transfer Try_Openbanking (KFTC)	Biometric	영수증 및 영수증 다운로드 동작 확인			02_02_Overseas_Schedule	[04] 기존 수취인 정상 추가 동작 확인	0.31	02_02_Overseas_Schedule	[06] 예약 탭 - 수취인 화면 필터(설정) 동작 확인
Overseas Transfer	238	Schedule_Add Recipient	Add Recipient	스케줄 수취인 추가 동작 확인 			02_02_Overseas_Schedule	[04] 기존 수취인 정상 추가 동작 확인	0.65	02_01_Overseas_Send now	[04] 실시간 송금 탭 - 수취인 추가 동작 확인 (Send Now)
Overseas Transfer	239	Schedule_Add Recipient	Add Recipient	수취인 화면 필터 동작 확인 			02_02_Overseas_Schedule	[06] 예약 탭 - 수취인 화면 필터(설정) 동작 확인	0.84	02_01_Overseas_Send now	[03] 실시간 송금 탭 - 수취인 화면 필터(설정) 동작 확인
Overseas Transfer	240	Schedule_Add Recipient	Add Recipient	기 등록된 수취인 삭제 동작 확인 			02_02_Overseas_Schedule	[04] 기존 수취인 정상 추가 동작 확인	0.51	02_02_Overseas_Schedule	[06] 예약 탭 - 수취인 화면 필터(설정) 동작 확인
Overseas Transfer	241	Schedule_Add Recipient	Add Recipient	기 등록된 수취인 정보 수정 동작 확인			02_02_Overseas_Schedule	[04] 기존 수취인 정상 추가 동작 확인	0.50	02_02_Overseas_Schedule	[06] 예약 탭 - 수취인 화면 필터(설정) 동작 확인
Overseas Transfer	242	Schedule_Add Recipient	Add Existing Recipient	Send Now 등록 된 수취인 목록 정상 노출 확인 			02_02_Overseas_Schedule	[03] 기존 수취인 목록 노출 확인	0.51	02_01_Overseas_Send now	[04] 실시간 송금 탭 - 수취인 추가 동작 확인 (Send Now)
Overseas Transfer	243	Schedule_Add Recipient	Add Existing Recipient	스케줄 송금 등록된 수취인 추가 시도 시 불가 동작 확인  - 중복팝업 발생 			02_02_Overseas_Schedule	[04] 기존 수취인 정상 추가 동작 확인	0.37	02_01_Overseas_Send now	[04] 실시간 송금 탭 - 수취인 추가 동작 확인 (Send Now)
Overseas Transfer	244	Schedule_Add Recipient	Add Existing Recipient	기존 수취인 정상 추가 동작 확인 			02_02_Overseas_Schedule	[04] 기존 수취인 정상 추가 동작 확인	1.00	02_01_Overseas_Send now	[04] 실시간 송금 탭 - 수취인 추가 동작 확인 (Send Now)
Overseas Transfer	245	Schedule_Wallet Monthly Set	Account	Day&Time / end Date 설정 동작 확인  - End Date : 오늘날짜 이전은 설정 불가 확인 			02_02_Overseas_Schedule	[06] 예약 탭 - 수취인 화면 필터(설정) 동작 확인	0.21	02_01_Overseas_Send now	[03] 실시간 송금 탭 - 수취인 화면 필터(설정) 동작 확인
Overseas Transfer	246	Schedule_Wallet Monthly Set	간편비밀번호	송금액 입력 및 스케줄송금 예약 정상 동작 확인 			02_02_Overseas_Schedule	[04] 기존 수취인 정상 추가 동작 확인	0.34	02_02_Overseas_Schedule	[06] 예약 탭 - 수취인 화면 필터(설정) 동작 확인
Overseas Transfer	247	Schedule_Wallet Monthly Set	생체인식	송금액 입력 및 스케줄송금 예약 정상 동작 확인 			02_02_Overseas_Schedule	[04] 기존 수취인 정상 추가 동작 확인	0.34	02_02_Overseas_Schedule	[06] 예약 탭 - 수취인 화면 필터(설정) 동작 확인
Overseas Transfer	248	Schedule_Wallet 1Time Set	Account	Date&Time 설정 동작 확인			02_02_Overseas_Schedule	[06] 예약 탭 - 수취인 화면 필터(설정) 동작 확인	0.39	02_01_Overseas_Send now	[03] 실시간 송금 탭 - 수취인 화면 필터(설정) 동작 확인
Overseas Transfer	249	Schedule_Wallet 1Time Set	간편비밀번호	송금액 입력 및 스케줄송금 예약 정상 동작 확인 			02_02_Overseas_Schedule	[04] 기존 수취인 정상 추가 동작 확인	0.34	02_02_Overseas_Schedule	[06] 예약 탭 - 수취인 화면 필터(설정) 동작 확인
Overseas Transfer	250	Schedule_Wallet 1Time Set	생체인식	송금액 입력 및 스케줄송금 예약 정상 동작 확인 			02_02_Overseas_Schedule	[04] 기존 수취인 정상 추가 동작 확인	0.34	02_02_Overseas_Schedule	[06] 예약 탭 - 수취인 화면 필터(설정) 동작 확인
Overseas Transfer	251	Schedule_Wallet 1Time Set	생체인식	송금날짜: 당일 및 지난시간 설정 시 예약설정 불가 확인 			02_02_Overseas_Schedule	[06] 예약 탭 - 수취인 화면 필터(설정) 동작 확인	0.24	02_01_Overseas_Send now	[03] 실시간 송금 탭 - 수취인 화면 필터(설정) 동작 확인
Overseas Transfer	252	Schedule_Openbanking(KFTC)_ Monthly Set	Account	Day&Time / end Date 설정 동작 확인  - End Date : 오늘날짜 이전은 설정 불가 확인 			02_02_Overseas_Schedule	[06] 예약 탭 - 수취인 화면 필터(설정) 동작 확인	0.21	02_01_Overseas_Send now	[03] 실시간 송금 탭 - 수취인 화면 필터(설정) 동작 확인
Overseas Transfer	253	Schedule_Openbanking(KFTC)_ Monthly Set	OTP / Simple Password	송금액 입력 및 스케줄송금 예약 정상 동작 확인 			02_02_Overseas_Schedule	[04] 기존 수취인 정상 추가 동작 확인	0.34	02_02_Overseas_Schedule	[06] 예약 탭 - 수취인 화면 필터(설정) 동작 확인
Overseas Transfer	254	Schedule_Openbanking(KFTC)_ Monthly Set	OTP / Simple Password	OTP 불일치 시 스케줄송금 예약 불가 확인 			02_02_Overseas_Schedule	[05] 이미 예약된 수취인 추가 시 중복 팝업 확인	0.19	02_01_Overseas_Send now	[04] 실시간 송금 탭 - 수취인 추가 동작 확인 (Send Now)
Overseas Transfer	255	Schedule_Openbanking(KFTC)_ Monthly Set	생체인식	송금액 입력 및 스케줄송금 예약 정상 동작 확인  - 생체인식 불가 시 OTP 입력 동작 확인			02_02_Overseas_Schedule	[04] 기존 수취인 정상 추가 동작 확인	0.24	02_02_Overseas_Schedule	[06] 예약 탭 - 수취인 화면 필터(설정) 동작 확인
Overseas Transfer	256	Schedule_Openbanking(KFTC)_ 1Time Set	Account	Date&Time 설정 동작 확인			02_02_Overseas_Schedule	[06] 예약 탭 - 수취인 화면 필터(설정) 동작 확인	0.39	02_01_Overseas_Send now	[03] 실시간 송금 탭 - 수취인 화면 필터(설정) 동작 확인
Overseas Transfer	257	Schedule_Openbanking(KFTC)_ 1Time Set	OTP / Simple Password	송금액 입력 및 스케줄송금 예약 정상 동작 확인 			02_02_Overseas_Schedule	[04] 기존 수취인 정상 추가 동작 확인	0.34	02_02_Overseas_Schedule	[06] 예약 탭 - 수취인 화면 필터(설정) 동작 확인
Overseas Transfer	258	Schedule_Openbanking(KFTC)_ 1Time Set	OTP / Simple Password	OTP 불일치 시 스케줄송금 예약 불가 확인 			02_02_Overseas_Schedule	[05] 이미 예약된 수취인 추가 시 중복 팝업 확인	0.19	02_01_Overseas_Send now	[04] 실시간 송금 탭 - 수취인 추가 동작 확인 (Send Now)
Overseas Transfer	259	Schedule_Openbanking(KFTC)_ 1Time Set	생체인식	송금액 입력 및 스케줄송금 예약 정상 동작 확인  - 생체인식 불가 시 OTP 입력 동작 확인			02_02_Overseas_Schedule	[04] 기존 수취인 정상 추가 동작 확인	0.24	02_02_Overseas_Schedule	[06] 예약 탭 - 수취인 화면 필터(설정) 동작 확인
Domestic Transfer	260	Transfer Try_Wallet	생체인식	계좌번호 입력동작 확인  - 관련 은행 리스트 노출 확인			03_Domestic	[05] KFTC → 타인 Wallet 송금 불가 동작 확인	0.14	03_Domestic	[03] Wallet → 타인 은행계좌 송금
Domestic Transfer	261	Transfer Try_Wallet	생체인식	은행리스트 및 은행 선택 동작 확인			03_Domestic	[05] KFTC → 타인 Wallet 송금 불가 동작 확인	0.22	03_Domestic	[06] KFTC → My Wallet OTP 불일치 시 송금불가 확인
Domestic Transfer	262	Transfer Try_Wallet	생체인식	송금액 입력 동작 확인 			03_Domestic	[05] KFTC → 타인 Wallet 송금 불가 동작 확인	0.32	03_Domestic	[06] KFTC → My Wallet OTP 불일치 시 송금불가 확인
Domestic Transfer	263	Transfer Try_Wallet	생체인식	동일한 월렛계좌번호 입력 시 송금 불가 동작 확인 			03_Domestic	[05] KFTC → 타인 Wallet 송금 불가 동작 확인	0.39	03_Domestic	[06] KFTC → My Wallet OTP 불일치 시 송금불가 확인
Domestic Transfer	264	Transfer Try_Wallet	생체인식	내월렛 > 다른월렛으로 송금 동작 확인			03_Domestic	[05] KFTC → 타인 Wallet 송금 불가 동작 확인	0.33	03_Domestic	[02] Wallet → 다른 월렛 송금
Domestic Transfer	265	Transfer Try_Wallet	생체인식	내월렛 > 내 은행계좌 송금 동작 확인			03_Domestic	[04] Wallet → 내 은행계좌 송금 (TODO)	0.35	03_Domestic	[03] Wallet → 타인 은행계좌 송금
Domestic Transfer	266	Transfer Try_Wallet	생체인식	내월렛 > 타인 은행계좌 송금 동작 확인			03_Domestic	[03] Wallet → 타인 은행계좌 송금	0.48	03_Domestic	[05] KFTC → 타인 Wallet 송금 불가 동작 확인
Domestic Transfer	267	Transfer Try_Wallet	Simple Password	간편 비밀번호 틀릴 시 송금불가 확인			03_Domestic	[06] KFTC → My Wallet OTP 불일치 시 송금불가 확인	0.28	03_Domestic	[05] KFTC → 타인 Wallet 송금 불가 동작 확인
Domestic Transfer	268	Transfer Try_Wallet	Simple Password	간편 비밀번호 일치 시 송금동작 확인 			03_Domestic	[06] KFTC → My Wallet OTP 불일치 시 송금불가 확인	0.23	03_Domestic	[05] KFTC → 타인 Wallet 송금 불가 동작 확인
Domestic Transfer	269	Transfer Try_Wallet	Simple Password	영수증 및 영수증 다운로드 동작 확인			03_Domestic	[05] KFTC → 타인 Wallet 송금 불가 동작 확인	0.22	03_Domestic	[06] KFTC → My Wallet OTP 불일치 시 송금불가 확인
Domestic Transfer	270	Transfer Try_Wallet	Biometric	생체인식 틀릴 시 송금불가 확인 - Simple Password 발생 확인 및 입력 시 정상 송금 동작 확인 			03_Domestic	[05] KFTC → 타인 Wallet 송금 불가 동작 확인	0.24	03_Domestic	[06] KFTC → My Wallet OTP 불일치 시 송금불가 확인
Domestic Transfer	271	Transfer Try_Wallet	Biometric	생체인식 일치 시 송금동작 확인 			03_Domestic	[05] KFTC → 타인 Wallet 송금 불가 동작 확인	0.27	03_Domestic	[06] KFTC → My Wallet OTP 불일치 시 송금불가 확인
Domestic Transfer	272	Transfer Try_Wallet	Biometric	영수증 및 영수증 다운로드 동작 확인			03_Domestic	[05] KFTC → 타인 Wallet 송금 불가 동작 확인	0.22	03_Domestic	[06] KFTC → My Wallet OTP 불일치 시 송금불가 확인
Domestic Transfer	273	Transfer Try_Openbanking (KFTC)	Biometric	KFTC 계좌 >내 은행 송금 동작 확인 			03_Domestic	[05] KFTC → 타인 Wallet 송금 불가 동작 확인	0.50	03_Domestic	[01] Wallet → KFTC 은행계좌 송금
Domestic Transfer	274	Transfer Try_Openbanking (KFTC)	Biometric	KFTC 계좌 >다른월렛 송금 불가 동작 확인 			03_Domestic	[05] KFTC → 타인 Wallet 송금 불가 동작 확인	0.58	03_Domestic	[01] Wallet → KFTC 은행계좌 송금
Domestic Transfer	275	Transfer Try_Openbanking (KFTC)	OTP / Simple Password	OTP 불일치 시 송금불가 확인 			03_Domestic	[06] KFTC → My Wallet OTP 불일치 시 송금불가 확인	0.62	03_Domestic	[05] KFTC → 타인 Wallet 송금 불가 동작 확인
Domestic Transfer	276	Transfer Try_Openbanking (KFTC)	OTP / Simple Password	OTP 일치 시 송금동작 확인 			03_Domestic	[06] KFTC → My Wallet OTP 불일치 시 송금불가 확인	0.39	03_Domestic	[05] KFTC → 타인 Wallet 송금 불가 동작 확인
Domestic Transfer	277	Transfer Try_Openbanking (KFTC)	OTP / Simple Password	영수증 및 영수증 다운로드 동작 확인			03_Domestic	[05] KFTC → 타인 Wallet 송금 불가 동작 확인	0.22	03_Domestic	[06] KFTC → My Wallet OTP 불일치 시 송금불가 확인
Domestic Transfer	278	Transfer Try_Openbanking (KFTC)	Biometric	생체인식 틀릴시 송금 불가 확인  - OTP 입력페이지 발생 확인 및 정상 입력 시 송금 확인 			03_Domestic	[05] KFTC → 타인 Wallet 송금 불가 동작 확인	0.23	03_Domestic	[06] KFTC → My Wallet OTP 불일치 시 송금불가 확인
Domestic Transfer	279	Transfer Try_Openbanking (KFTC)	Biometric	생체인식 일치 시 송금동작 확인 			03_Domestic	[05] KFTC → 타인 Wallet 송금 불가 동작 확인	0.27	03_Domestic	[06] KFTC → My Wallet OTP 불일치 시 송금불가 확인
Domestic Transfer	280	Transfer Try_Openbanking (KFTC)	Biometric	영수증 및 영수증 다운로드 동작 확인			03_Domestic	[05] KFTC → 타인 Wallet 송금 불가 동작 확인	0.22	03_Domestic	[06] KFTC → My Wallet OTP 불일치 시 송금불가 확인
Domestic Transfer	281	Transfer Try_Openbanking (KFTC)	Biometric	KFTC 계좌에서 송금 시도 시 수수료 부과 확인 			03_Domestic	[01] Wallet → KFTC 은행계좌 송금	0.34	03_Domestic	[05] KFTC → 타인 Wallet 송금 불가 동작 확인
Today's Rate	282	Calculate Rate	Biometric	나라별 환율계산 동작 확인  - 방글라데시 선택 시 Best Rate / Express Rate 노출 확인 	07_TodaysRate	[01]+[02]+[03]+[04] 환율 조회·BDT·특급환율·송금					
Today's Rate	283	Calculate Rate	Biometric	지금 송금하기 버튼 탭 → 해외송금 수취인 선택 화면 이동 확인	07_TodaysRate	[04] 지금 송금하기→수취인 선택 화면					
Domestic Topup	284	Calculate Rate	Biometric	자동입력된 핸드폰 번호 노출 확인 			10_DomesticTopup	[01] Phone Number - 자동입력된 핸드폰 번호 노출 확인	1.00	10_DomesticTopup	[02] Phone Number - 핸드폰 번호 삭제 후 정상입력동작 확인
Domestic Topup	285	Calculate Rate	Biometric	핸드폰 번호 삭제 후 정상입력동작 확인 			10_DomesticTopup	[02] Phone Number - 핸드폰 번호 삭제 후 정상입력동작 확인	1.00	10_DomesticTopup	[01] Phone Number - 자동입력된 핸드폰 번호 노출 확인
Domestic Topup	286	Calculate Rate	Biometric	주소록 버튼 선택 시 주소록 번호 모바일 필드에 추가 동작 확인			10_DomesticTopup	[03] Phone Number - 주소록 버튼 선택 시 주소록 번호 모바일 필드에 추가 동작 확인	1.00	10_DomesticTopup	[02] Phone Number - 핸드폰 번호 삭제 후 정상입력동작 확인
Domestic Topup	287	Wallet Charging_PPS	Simple Password	PPS 번호 충전 동작 확인  (실패동작으로 확인가능)			10_DomesticTopup	[04] Wallet Charging (PPS) - PPS 번호 충전 동작 확인 (Simple PW) — 실패동작으로 확인	0.72	10_DomesticTopup	[02] Phone Number - 핸드폰 번호 삭제 후 정상입력동작 확인
Domestic Topup	288	Wallet Charging_PPS	Biometric	PPS 번호 충전 동작 확인  (실패동작으로 확인가능)			10_DomesticTopup	[04] Wallet Charging (PPS) - PPS 번호 충전 동작 확인 (Simple PW) — 실패동작으로 확인	0.72	10_DomesticTopup	[02] Phone Number - 핸드폰 번호 삭제 후 정상입력동작 확인
Domestic Topup	289	Openbanking Charging_PPS (KFTC)	OTP / Simple Password	PPS 번호 충전 동작 확인  (실패동작으로 확인가능)			10_DomesticTopup	[04] Wallet Charging (PPS) - PPS 번호 충전 동작 확인 (Simple PW) — 실패동작으로 확인	0.72	10_DomesticTopup	[02] Phone Number - 핸드폰 번호 삭제 후 정상입력동작 확인
Domestic Topup	290	Openbanking Charging_PPS (KFTC)	Biometric	PPS 번호 충전 동작 확인  (실패동작으로 확인가능)			10_DomesticTopup	[04] Wallet Charging (PPS) - PPS 번호 충전 동작 확인 (Simple PW) — 실패동작으로 확인	0.72	10_DomesticTopup	[02] Phone Number - 핸드폰 번호 삭제 후 정상입력동작 확인
International Topup	291	Openbanking Charging_PPS (KFTC)	Biometric	나라리스트 및 나라선택 동작 확인 			11_IntlTopup	[01] Select Country - 나라 리스트 노출 및 선택 (Sri Lanka)	0.26	11_IntlTopup	[02] 올바른 번호 입력 동작 확인 (0776348242 반영)
International Topup	292	Openbanking Charging_PPS (KFTC)	Biometric	핸드폰 번호 입력동작 확인 			11_IntlTopup	[02] 올바른 번호 입력 동작 확인 (0776348242 반영)	0.34	11_IntlTopup	[04] 잘못된 번호 입력 → 인라인 에러 + 계속 비활성
International Topup	293	Openbanking Charging_PPS (KFTC)	Biometric	출금계좌 선택 동작 확인 			11_IntlTopup	[03] Charging Account - 출금계좌 선택 (GME Wallet = 간편비밀번호 경로)	0.30	11_IntlTopup	[02] 올바른 번호 입력 동작 확인 (0776348242 반영)
International Topup	294	Openbanking Charging_PPS (KFTC)	Biometric	올바르지않은 핸드폰 번호 입력 후 [Continue] 동작 시 에러팝업 발생 확인 			11_IntlTopup	[02] 올바른 번호 입력 동작 확인 (0776348242 반영)	0.33	11_IntlTopup	[05] 올바른 번호 + [Continue] → 상품 선택 페이지 노출
International Topup	295	Openbanking Charging_PPS (KFTC)	Biometric	올바른 핸드폰 번호 입력 후 [Continue] 동작 시 상품 선택 창 노출 			11_IntlTopup	[05] 올바른 번호 + [Continue] → 상품 선택 페이지 노출	0.68	11_IntlTopup	[02] 올바른 번호 입력 동작 확인 (0776348242 반영)
International Topup	296	Openbanking Charging_PPS (KFTC)	Biometric	Carrirer > 상품리스트 노출 확인 및 선택 동작 확인 			11_IntlTopup	[06] Carrier - 통신사 리스트 노출 및 선택 (Dialog Sri Lanka)	0.36	11_IntlTopup	[07] Product - 상품 요금제 리스트 노출 및 선택 (50 LKR)
International Topup	297	Openbanking Charging_PPS (KFTC)	Biometric	Product > 상품요금제 노출 확인 및 선택 동작 확인			11_IntlTopup	[07] Product - 상품 요금제 리스트 노출 및 선택 (50 LKR)	0.44	11_IntlTopup	[01] Select Country - 나라 리스트 노출 및 선택 (Sri Lanka)
International Topup	298	Openbanking Charging_PPS (KFTC)	Biometric	Amount > 상품요금제 금액에 따라 원화로 계산되어 노출 			11_IntlTopup	[08] Amount - 상품 금액에 따라 원화(총 지급액) 자동 계산 노출	0.50	11_IntlTopup	[07] Product - 상품 요금제 리스트 노출 및 선택 (50 LKR)
International Topup	299	Wallet Charging	Simple Password	간편비밀번호 일치 시 충전동작 확인 - 간편비밀번호 불일치 시 충전동작 불가 확인 			11_IntlTopup	[09] Wallet Charging - 결제확인 → 간편비밀번호 화면까지만 (PIN 미입력)	0.34	11_IntlTopup	[03] Charging Account - 출금계좌 선택 (GME Wallet = 간편비밀번호 경로)
International Topup	300	Wallet Charging	Biometric	생체인식 일치 시 충전동작 확인  - 생체인식 불일치 시 간편비밀번호 발생 확인 			11_IntlTopup	[09] Wallet Charging - 결제확인 → 간편비밀번호 화면까지만 (PIN 미입력)	0.38	11_IntlTopup	[03] Charging Account - 출금계좌 선택 (GME Wallet = 간편비밀번호 경로)
International Topup	301	Openbanking Charging (KFTC)	OTP / Simple Password	OTP 일치 시 충전동작 확인 - OTP 불일치 시 충전불가 동작 확인  			11_IntlTopup	[02] 올바른 번호 입력 동작 확인 (0776348242 반영)	0.16	11_IntlTopup	[08] Amount - 상품 금액에 따라 원화(총 지급액) 자동 계산 노출
International Topup	302	Openbanking Charging (KFTC)	Biometric	생체인식 틀릴시 충전 불가 확인  - OTP 입력페이지 발생 확인 및 정상 입력 시 송금 확인 			11_IntlTopup	[02] 올바른 번호 입력 동작 확인 (0776348242 반영)	0.13	11_IntlTopup	[04] 잘못된 번호 입력 → 인라인 에러 + 계속 비활성
Bill payment	303	Openbanking Charging (KFTC)	Biometric	국가리스트 및 선택동작 확인 			12_BillPayment	[02] Country 검색 동작 확인 / [01] 국가 리스트 및 선택 (Nepal)	0.24	12_BillPayment	[01] Country 리스트 및 선택 (Nepal)
Bill payment	304	Openbanking Charging (KFTC)	Biometric	국가리스트 검색동작 확인 			12_BillPayment	[02] Country 검색 동작 확인 / [01] 국가 리스트 및 선택 (Nepal)	0.19	12_BillPayment	[04] Biller 검색창 노출 확인 + 선택 (모바일 충전)
Bill payment	305	Openbanking Charging (KFTC)	Biometric	Biller Category 리스트 및 항목 선택 동작 확인 			12_BillPayment	[03] Biller Category(청구 구분) 리스트 및 선택 (모바일/전화)	0.53	12_BillPayment	[01] Country 리스트 및 선택 (Nepal)
Bill payment	306	Openbanking Charging (KFTC)	Biometric	Biller 상세항목 검색동작 확인 			12_BillPayment	[04] Biller 검색창 노출 확인 + 선택 (모바일 충전)	0.38	12_BillPayment	[05] Biller별 입력 필드 노출 확인 (모바일 충전 → "휴대폰 번호")
Bill payment	307	Openbanking Charging (KFTC)	Biometric	Biller 별 필드 항목 정상적으로 노출되는지 확인 			12_BillPayment	[05] Biller별 입력 필드 노출 확인 (모바일 충전 → "휴대폰 번호")	0.35	12_BillPayment	[04] Biller 검색창 노출 확인 + 선택 (모바일 충전)
Bill payment	308	Wallet Charging	Simple Password	간편비밀번호 일치 시 충전동작 확인 - 간편비밀번호 불일치 시 충전동작 불가 확인 			12_BillPayment	[06] Wallet 결제 - 필드 입력 → 결제내역 → **간편비밀번호 화면까지만**	0.17	12_BillPayment	[04] Biller 검색창 노출 확인 + 선택 (모바일 충전)
Bill payment	309	Wallet Charging	Biometric	생체인식 일치 시 충전동작 확인  - 생체인식 불일치 시 간편비밀번호 발생 확인 			12_BillPayment	[06] Wallet 결제 - 필드 입력 → 결제내역 → **간편비밀번호 화면까지만**	0.17	12_BillPayment	[05] Biller별 입력 필드 노출 확인 (모바일 충전 → "휴대폰 번호")
Bill payment	310	Openbanking Charging (KFTC)	OTP / Simple Password	OTP 일치 시 충전동작 확인 - OTP 불일치 시 충전불가 동작 확인  			12_BillPayment	[02] Country 검색 동작 확인 / [01] 국가 리스트 및 선택 (Nepal)	0.19	12_BillPayment	[04] Biller 검색창 노출 확인 + 선택 (모바일 충전)
Bill payment	311	Openbanking Charging (KFTC)	Biometric	생체인식 틀릴시 충전 불가 확인  - OTP 입력페이지 발생 확인 및 정상 입력 시 송금 확인 			12_BillPayment	[05] Biller별 입력 필드 노출 확인 (모바일 충전 → "휴대폰 번호")	0.15	12_BillPayment	[06] Wallet 결제 - 필드 입력 → 결제내역 → **간편비밀번호 화면까지만**
Receive Overseas Funds	312	Openbanking Charging (KFTC)	Biometric	인바운드 환율 선택 시 국가리스트 바텀시트 발생 확인  - 국가 선택 동작 확인			13_ReceiveOverseas	[01] Exchange Rate - 인바운드 환율 선택 시 국가리스트 바텀시트 발생 확인 - 국가 선택 동작 확인	0.65	13_ReceiveOverseas	[06] Add Inbound Sender - 국가리스트 발생 확인
Receive Overseas Funds	313	Openbanking Charging (KFTC)	Biometric	국가리스트 검색동작 확인 			13_ReceiveOverseas	[02] Exchange Rate - 국가리스트 검색동작 확인	1.00	13_ReceiveOverseas	[06] Add Inbound Sender - 국가리스트 발생 확인
Receive Overseas Funds	314	Openbanking Charging (KFTC)	Biometric	임의 국가 선택 시 국가 환율 계산페이지 노출 확인 			13_ReceiveOverseas	[03] Exchange Rate - 임의 국가 선택 시 국가 환율 계산페이지 노출 확인	1.00	13_ReceiveOverseas	[10] Inbound Request - 등록된 송금인 항목 선택 해당 국가 환율계산 페이지 이동 확인
Receive Overseas Funds	315	Openbanking Charging (KFTC)	Biometric	국가 별 환율계산 확인  - 인도네시아 ,몽골 , 베트남 			13_ReceiveOverseas	[04] Exchange Rate - 국가 별 환율계산 확인 - 인도네시아, 몽골, 베트남	0.65	13_ReceiveOverseas	[07] Add Inbound Sender - 인도네시아, 몽골, 베트남 국가 송금인 등록 확인
Receive Overseas Funds	316	Openbanking Charging (KFTC)	Biometric	환율계산 완료 > Request 동작 시  인바운드 메인화면 이동확인 			13_ReceiveOverseas	[05] Exchange Rate - 환율계산 완료 > Request 동작 시 인바운드 메인화면 이동확인	1.00	13_ReceiveOverseas	[18] Inbound Request Status - Submit Another Request 선택 시 인바운드 메인화면 이동
Receive Overseas Funds	317	Add Inbound Sender	Biometric	국가리스트 발생 확인 , 국가 검색동작 확인  -[NEXT] 버튼 선택 시 다음 페이지 이동 확인 			13_ReceiveOverseas	[06] Add Inbound Sender - 국가리스트 발생 확인	0.51	13_ReceiveOverseas	[02] Exchange Rate - 국가리스트 검색동작 확인
Receive Overseas Funds	318	Add Inbound Sender	Biometric	인도네시아, 몽골, 베트남 국가 송금인 등록 확인  - 베트남 송금인 등록 시 사진 파일 정상 업로드 확인 			13_ReceiveOverseas	[07] Add Inbound Sender - 인도네시아, 몽골, 베트남 국가 송금인 등록 확인	0.83	13_ReceiveOverseas	[04] Exchange Rate - 국가 별 환율계산 확인 - 인도네시아, 몽골, 베트남
Receive Overseas Funds	319	Add Inbound Sender	Biometric	송금인 정보 입력페이지 정보 입력 동작 확인  - 이름 , 전화번호 , 이메일 , 주소 , 도시  - [NEXT] 버튼 선택 			13_ReceiveOverseas	[08] Add Inbound Sender - 송금인 정보 입력페이지 정보 입력 동작 확인	0.59	13_ReceiveOverseas	[09] Add Inbound Sender - 확인 바텀시트 동작 확인
Receive Overseas Funds	320	Add Inbound Sender	Biometric	확인 바텀시트 동작 확인  - 취소 버튼 선택 시 닫힘  - OK 버튼 선택 시 저장성공 동작 확인  ( 송금요청 확인 바텀시			13_ReceiveOverseas	[09] Add Inbound Sender - 확인 바텀시트 동작 확인	0.43	13_ReceiveOverseas	[08] Add Inbound Sender - 송금인 정보 입력페이지 정보 입력 동작 확인
Receive Overseas Funds	321	Inbound Request	Biometric	등록된 송금인 항목 선택 해당 국가 환율계산 페이지 이동 확인 			13_ReceiveOverseas	[10] Inbound Request - 등록된 송금인 항목 선택 해당 국가 환율계산 페이지 이동 확인	1.18	13_ReceiveOverseas	[16] Inbound Request Status - 송금요청 디테일페이지 확인
Receive Overseas Funds	322	Inbound Request	Biometric	환율계산 동작 확인  - Calculate 선택 시 계좌선택 바텀시트 발생 확인 			13_ReceiveOverseas	[11] Inbound Request - 환율계산 동작 확인 - Calculate 선택 시 계좌선택 바텀시트 발생 확인	0.98	13_ReceiveOverseas	[12] Inbound Request - 계좌 선택 시 받는계좌 확인 바텀시트 발생
Receive Overseas Funds	323	Inbound Request	Biometric	계좌 선택 시 받는계좌 확인 바텀시트 발생  - Edit 선택 시 계좌 재선택 발생  - Confirm 선택시 인바운드 Req			13_ReceiveOverseas	[12] Inbound Request - 계좌 선택 시 받는계좌 확인 바텀시트 발생	0.64	13_ReceiveOverseas	[11] Inbound Request - 환율계산 동작 확인 - Calculate 선택 시 계좌선택 바텀시트 발생 확인
Receive Overseas Funds	324	Existing Sender	Biometric	기존 송금인 삭제 동작 확인 			13_ReceiveOverseas	[13] Existing Sender - 기존 송금인 삭제 동작 확인	1.18	13_ReceiveOverseas	[14] Existing Sender - 기존 송금인 수정 동작 확인 - 수정 변경 확인
Receive Overseas Funds	325	Existing Sender	Biometric	기존 송금인 수정 동작 확인  -수정 변경 확인 (Pending 상태만 수정가능) 			13_ReceiveOverseas	[14] Existing Sender - 기존 송금인 수정 동작 확인 - 수정 변경 확인	0.63	13_ReceiveOverseas	[13] Existing Sender - 기존 송금인 삭제 동작 확인
Receive Overseas Funds	326	Inbound Request Status	Biometric	송금요청 한 카드 노출 되는지 확인 			13_ReceiveOverseas	[15] Inbound Request Status - 송금요청 한 카드 노출 되는지 확인	1.18	13_ReceiveOverseas	[16] Inbound Request Status - 송금요청 디테일페이지 확인
Receive Overseas Funds	327	Inbound Request Status	Biometric	송금요청 디테일페이지 확인 			13_ReceiveOverseas	[16] Inbound Request Status - 송금요청 디테일페이지 확인	1.18	13_ReceiveOverseas	[15] Inbound Request Status - 송금요청 한 카드 노출 되는지 확인
Receive Overseas Funds	328	Inbound Request Status	Biometric	송금요청 디테일 > Check Histrory 버튼 선택 시 이력페이지 이동확인			13_ReceiveOverseas	[17] Inbound Request Status - 송금요청 디테일 > Check History 버튼 선택 시 이력페이지 이	1.07	13_ReceiveOverseas	[16] Inbound Request Status - 송금요청 디테일페이지 확인
Receive Overseas Funds	329	Inbound Request Status	Biometric	Submit Another Requsest 선택 시 인바운드 메인화면 이동 확인			13_ReceiveOverseas	[18] Inbound Request Status - Submit Another Request 선택 시 인바운드 메인화면 이동	1.07	13_ReceiveOverseas	[20] Inbound Request Status - Proceed to Payment 선택 시 인바운드 송금 상세 웹페이지 
Receive Overseas Funds	330	Inbound Request Status	Biometric	Share Detail With Sender 선택 시 공유동작 확인			13_ReceiveOverseas	[19] Inbound Request Status - Share Detail With Sender 선택 시 공유동작 확인	1.18	13_ReceiveOverseas	[18] Inbound Request Status - Submit Another Request 선택 시 인바운드 메인화면 이동
Receive Overseas Funds	331	Inbound Request Status	Biometric	Procced to Payment 선택 시 인바운드 송금 상세 웹페이지 연결 확인 			13_ReceiveOverseas	[20] Inbound Request Status - Proceed to Payment 선택 시 인바운드 송금 상세 웹페이지 	1.08	13_ReceiveOverseas	[18] Inbound Request Status - Submit Another Request 선택 시 인바운드 메인화면 이동
Deposit	332	Home	Biometric	홈 화면 이동 확인			14_Deposit	[30] Store Deposit - Request - [?] 선택시 How to deposit 화면 이동 확인	0.41	14_01_Deposit_seungsoo818	[30] Store Deposit - Request - [?] 선택시 How to deposit 화면 이동 확인
Deposit	333	GME Wallet Deposit	KJ	KJ 가상계좌발급 상태 안내페이지 노출 확인  -[Confirm] 버튼 선택 시 Deposit 페이지 이동 확인 			14_Deposit	[02] GME Wallet Deposit - KJ - KJ 가상계좌발급 상태 안내페이지 노출 확인	0.72	14_01_Deposit_seungsoo818	[02] GME Wallet Deposit - KJ - KJ 가상계좌발급 상태 안내페이지 노출 확인
Deposit	334	GME Wallet Deposit	KJ	[?] 선택시 GME Wallet Deposit Guide 화면 이동 확인			14_Deposit	[03] GME Wallet Deposit - KJ - [?] 선택시 GME Wallet Deposit Guide 화면 이동 	1.18	14_01_Deposit_seungsoo818	[03] GME Wallet Deposit - KJ - [?] 선택시 GME Wallet Deposit Guide 화면 이동 
Deposit	335	GME Wallet Deposit	KJ	금액 개별/단위 입력 동작 확인 - 입력후 [x]선택시 금액 입력 취소됨			14_Deposit	[04] GME Wallet Deposit - KJ - 금액 개별/단위 입력 동작 확인	0.81	14_01_Deposit_seungsoo818	[04] GME Wallet Deposit - KJ - 금액 개별/단위 입력 동작 확인
Deposit	336	GME Wallet Deposit	KJ	Deposit 동작 확인 (실제 입금동작  확인)			14_Deposit	[04] GME Wallet Deposit - KJ - 금액 개별/단위 입력 동작 확인	0.50	14_01_Deposit_seungsoo818	[04] GME Wallet Deposit - KJ - 금액 개별/단위 입력 동작 확인
Deposit	337	GME Wallet Deposit	WSB	WSB 가상계좌발급 상태 안내페이지 노출 확인  -[Copy Account Number] 버튼 선택 시 계좌번호 복사 이동 확			14_Deposit	[02] GME Wallet Deposit - KJ - KJ 가상계좌발급 상태 안내페이지 노출 확인	0.58	14_01_Deposit_seungsoo818	[02] GME Wallet Deposit - KJ - KJ 가상계좌발급 상태 안내페이지 노출 확인
Deposit	338	GME Wallet Deposit	WSB	Deposit 동작 확인 (실제 입금동작  확인)			14_Deposit	[04] GME Wallet Deposit - KJ - 금액 개별/단위 입력 동작 확인	0.50	14_01_Deposit_seungsoo818	[04] GME Wallet Deposit - KJ - 금액 개별/단위 입력 동작 확인
Deposit	339	GMEPay Deposit	국적 : 한국인	Easy Wallet Deposit 선택 시 이용불가 바텀시트 발생 			14_Deposit	[13] GMEPay Deposit - See More 선택시, 상세 설명 바텀시트 발생 확인	0.56	14_03_Deposit_test251024	[13] GMEPay Deposit - See More 선택시, 상세 설명 바텀시트 발생 확인
Deposit	340	GMEPay Deposit	Easy Wallet Non user	홈화면 Easy Wallet 이용 안내 배너 노출 확인  (외국 국적)			14_Deposit	[06] GMEPay Deposit - 홈화면 "GMEPay 가상 계좌" 배너 노출 유무 확인	0.57	14_02_Deposit_test123	[06] GMEPay Deposit - 홈화면 "GMEPay 가상 계좌" 배너 노출 유무 확인
Deposit	341	GMEPay Deposit	Easy Wallet Non user	배너 선택시 Easy Wallet 안내 이용페이지 이동 확인 (외국 국적) 			14_Deposit	[09] GMEPay Deposit - "GMEPay 가상 계좌 입금" 영역 노출 확인 (외국 국적 user)	0.46	14_02_Deposit_test123	[09] GMEPay Deposit - "GMEPay 가상 계좌 입금" 영역 노출 확인 (외국 국적 user)
Deposit	342	GMEPay Deposit	Easy Wallet user	홈화면 Easy Wallet 일일한도 안내 배너 노출 확인  (외국 국적)			14_Deposit	[06] GMEPay Deposit - 홈화면 "GMEPay 가상 계좌" 배너 노출 유무 확인	0.56	14_02_Deposit_test123	[06] GMEPay Deposit - 홈화면 "GMEPay 가상 계좌" 배너 노출 유무 확인
Deposit	343	GMEPay Deposit	Easy Wallet user	배너 선택시 Easy Wallet 이용가이드 이동 확인  (외국 국적)			14_Deposit	[09] GMEPay Deposit - "GMEPay 가상 계좌 입금" 영역 노출 확인 (외국 국적 user)	0.49	14_02_Deposit_test123	[09] GMEPay Deposit - "GMEPay 가상 계좌 입금" 영역 노출 확인 (외국 국적 user)
Deposit	344	GMEPay Deposit	Easy Wallet user	Share Account Number 선택시, 공유 동작 확인			14_Deposit	[11] GMEPay Deposit - Share Account Number 선택시, 공유 동작 확인	1.18	14_03_Deposit_test251024	[11] GMEPay Deposit - Share Account Number 선택시, 공유 동작 확인
Deposit	345	GMEPay Deposit	Easy Wallet user	Copy Account Number 선택시, 복사 동작 확인 (붙여넣기 확인)			14_Deposit	[12] GMEPay Deposit - Copy Account Number 선택시, 복사 동작 확인 (붙여넣기 확인)	1.18	14_03_Deposit_test251024	[12] GMEPay Deposit - Copy Account Number 선택시, 복사 동작 확인 (붙여넣기 확인)
Deposit	346	GMEPay Deposit	Easy Wallet user	우측 상단 [!]  버튼 선택 시 GMEPay Deposit Guide 화면 노출 확인			14_Deposit	[07] GMEPay Deposit - "GMEPay 가상 계좌" 배너 선택 확인	0.57	14_02_Deposit_test123	[07] GMEPay Deposit - "GMEPay 가상 계좌" 배너 선택 확인
Deposit	347	ATM Deposit	Easy Wallet user	ATM Deposit Without Card / ATM Depposit using Card  탭 확인 			14_Deposit	[14] ATM Deposit - ATM Deposit Without Card / ATM Deposit using Card 탭	1.11	14_02_Deposit_test123	[14] ATM Deposit - ATM Deposit Without Card / ATM Deposit using Card 탭
Deposit	348	ATM Deposit	How to request ATM  Deposit?	ATM 이용 안내 선택 시 가이드 페이지 노출 확인 			14_Deposit	[15] ATM Deposit - ATM 이용 안내 선택 시 가이드 페이지 노출 확인	1.18	14_02_Deposit_test123	[15] ATM Deposit - ATM 이용 안내 선택 시 가이드 페이지 노출 확인
Deposit	349	ATM Deposit	How to request ATM  Deposit?	Request deposit 선택시 ATM Deposit 화면 이동 확인			14_Deposit	[16] ATM Deposit - Request deposit 선택시 ATM Deposit 화면 이동 확인	1.18	14_02_Deposit_test123	[16] ATM Deposit - Request deposit 선택시 ATM Deposit 화면 이동 확인
Deposit	350	ATM Deposit	NICE ATM	Deposit 금액 입력동작 확인 및 Apply 동작 확인 (국적 : 국내이용자 이용불가)			14_Deposit	[19] ATM Deposit - HYOSUNG - Deposit 금액 입력동작 확인 및 Apply 동작 확인 (국내이용자 이	1.11	14_Deposit	[17] ATM Deposit - NICE - Deposit 금액 입력동작 확인 및 Apply 동작 확인 (국내이용자 이용불가
Deposit	351	ATM Deposit	NICE ATM	Find nearest ATM 선택 시 근처 NICE ATM 위치 확인 			14_Deposit	[18] ATM Deposit - NICE - Find nearest ATM 선택 시 근처 NICE ATM 위치 확인	1.18	14_02_Deposit_test123	[18] ATM Deposit - NICE - Find nearest ATM 선택 시 근처 NICE ATM 위치 확인
Deposit	352	ATM Deposit	HYOSUNG ATM	Deposit 금액 입력동작 확인 및 Apply 동작 확인 (국적 : 국내이용자 이용불가)			14_Deposit	[19] ATM Deposit - HYOSUNG - Deposit 금액 입력동작 확인 및 Apply 동작 확인 (국내이용자 이	1.11	14_Deposit	[17] ATM Deposit - NICE - Deposit 금액 입력동작 확인 및 Apply 동작 확인 (국내이용자 이용불가
Deposit	353	ATM Deposit	HYOSUNG ATM	Find nearest ATM 선택 시 근처 HYOSUNG ATM 위치 확인 			14_Deposit	[20] ATM Deposit - HYOSUNG - Find nearest ATM 선택 시 근처 HYOSUNG ATM 위치 확	1.18	14_02_Deposit_test123	[20] ATM Deposit - HYOSUNG - Find nearest ATM 선택 시 근처 HYOSUNG ATM 위치 확
Deposit	354	ATM Deposit	ATM Depposit using Card	이용 가능한 편의점 리스트 노출 확인 			14_Deposit	[21] ATM Deposit - Card - 이용 가능한 편의점 리스트 노출 확인	1.18	14_02_Deposit_test123	[21] ATM Deposit - Card - 이용 가능한 편의점 리스트 노출 확인
Deposit	355	ATM Deposit	ATM Depposit using Card	편의점 ATM 별 이용 가이드 페이지 확인 			14_Deposit	[22] ATM Deposit - Card - 편의점 ATM 별 이용 가이드 페이지 확인	1.18	14_02_Deposit_test123	[22] ATM Deposit - Card - 편의점 ATM 별 이용 가이드 페이지 확인
Deposit	356	ATM Deposit	History	History 선택시 ATM Deposit 내역 노출 확인			14_Deposit	[23] ATM Deposit - History - History 선택시 ATM Deposit 내역 노출 확인	1.18	14_02_Deposit_test123	[23] ATM Deposit - History - History 선택시 ATM Deposit 내역 노출 확인
Deposit	357	ATM Deposit	History	Date Filter 동작 확인 - [x]선택시 필터 해제됨			14_Deposit	[24] ATM Deposit - History - Date Filter 동작 확인 - [x]선택시 필터 해제됨	0.78	14_02_Deposit_test123	[24] ATM Deposit - History - Date Filter 동작 확인 - [x]선택시 필터 해제됨
Deposit	358	Auto Debit Deposit	History	등록된 KFTC 계좌리스트 노출 확인 및 변경동작 확인 			14_Deposit	[25] Auto Debit Deposit - 등록된 KFTC 계좌리스트 노출 확인 및 변경동작 확인	1.18	14_01_Deposit_seungsoo818	[25] Auto Debit Deposit - 등록된 KFTC 계좌리스트 노출 확인 및 변경동작 확인
Deposit	359	Auto Debit Deposit	History	View Balance 통해 잔액조회 확인 			14_Deposit	[26] Auto Debit Deposit - View Balance 통해 잔액조회 확인	1.18	14_01_Deposit_seungsoo818	[26] Auto Debit Deposit - View Balance 통해 잔액조회 확인
Deposit	360	Auto Debit Deposit	History	충전 금액 입력 동작 확인 			14_Deposit	[27] Auto Debit Deposit - 충전 금액 입력 동작 확인	1.18	14_01_Deposit_seungsoo818	[27] Auto Debit Deposit - 충전 금액 입력 동작 확인
Deposit	361	Auto Debit Deposit	OTP / 생체인식	KFTC 계좌를 통한 충전동작 확인  (OTP / 생체인식 모두 확인)			14_Deposit	[25] Auto Debit Deposit - 등록된 KFTC 계좌리스트 노출 확인 및 변경동작 확인	0.47	14_01_Deposit_seungsoo818	[25] Auto Debit Deposit - 등록된 KFTC 계좌리스트 노출 확인 및 변경동작 확인
Deposit	362	Store Deposit	Request	Deposit 금액 입력 및 Confirm 동작 확인 - Amount 금액 미입력 시 Confirm 버튼 비활성화 확인 			14_Deposit	[28] Store Deposit - Request - Deposit 금액 입력 및 Confirm 동작 확인	0.79	14_01_Deposit_seungsoo818	[28] Store Deposit - Request - Deposit 금액 입력 및 Confirm 동작 확인
Deposit	363	Store Deposit	Request	Request 완료시 Barcode, Number, Deposit Amount, Time Limit이 표시됨			14_Deposit	[29] Store Deposit - Request - Request 완료시 Barcode, Number, Deposit Am	1.18	14_02_Deposit_test123	[29] Store Deposit - Request - Request 완료시 Barcode, Number, Deposit Am
Deposit	364	Store Deposit	Request	[?] 선택시 How to deposit 화면 이동 확인			14_Deposit	[30] Store Deposit - Request - [?] 선택시 How to deposit 화면 이동 확인	1.18	14_01_Deposit_seungsoo818	[30] Store Deposit - Request - [?] 선택시 How to deposit 화면 이동 확인
Deposit	365	Store Deposit	Request	Quick Guide 진입후 각 편의점 가이드 표시 확인 - GS25, CU, Seven Eleven, emart 24			14_Deposit	[31] Store Deposit - Request - Quick Guide 진입후 각 편의점 가이드 표시 확인	0.77	14_01_Deposit_seungsoo818	[31] Store Deposit - Request - Quick Guide 진입후 각 편의점 가이드 표시 확인
Deposit	366	Store Deposit	Request	Start Store Deposit 선택시 Store Deposit 화면 이동 확인			14_Deposit	[32] Store Deposit - Request - Start Store Deposit 선택시 Store Deposit 화	1.18	14_01_Deposit_seungsoo818	[32] Store Deposit - Request - Start Store Deposit 선택시 Store Deposit 화
Deposit	367	Store Deposit	History	History 탭 Deposit 이력 확인 			14_Deposit	[33] Store Deposit - History - History 탭 Deposit 이력 확인	1.18	14_01_Deposit_seungsoo818	[33] Store Deposit - History - History 탭 Deposit 이력 확인
Deposit	368	Store Deposit	History	Control Number 검색 동작 확인			14_Deposit	[34] Store Deposit - History - Control Number 검색 동작 확인	1.18	14_01_Deposit_seungsoo818	[34] Store Deposit - History - Control Number 검색 동작 확인
Deposit	369	Store Deposit	History	Date Filter 동작 확인 - [x]선택시 필터 해제됨			14_Deposit	[24] ATM Deposit - History - Date Filter 동작 확인 - [x]선택시 필터 해제됨	0.78	14_02_Deposit_test123	[24] ATM Deposit - History - Date Filter 동작 확인 - [x]선택시 필터 해제됨
Loan / Pesonal Finance	370	Store Deposit	History	iOS : Loan / Android : Pesonal Finance Title & icon Check			15_Loan	[01] Loan - **개인 금융 메뉴 미노출 확인** (조건 미충족 계정에서의 정상 동작)	0.06		
ATM Withdraw	371	Store Deposit	History	출금금액 입력동작 확인 ( - / + 동작 확인)			16_ATMWithdraw	[03] Withdraw - 출금금액 입력 동작 확인 (- / + )        (⏸ 잔액 조건)	0.60	16_ATMWithdraw	[04] Withdraw - 신청 동작 확인 → ATM Withdrawal 정보 확인 (⏸ 잔액 조건)
ATM Withdraw	372	Store Deposit	History	[Next] 버튼 선택 시 ATM 선택 바텀시트 발생 확인  - ATM 리스트 및 선택 확인 			16_ATMWithdraw	[02] Withdraw - [다음] → ATM 선택 바텀시트 발생 확인  (⏸ 잔액 조건)	0.48	16_ATMWithdraw	[04] Withdraw - 신청 동작 확인 → ATM Withdrawal 정보 확인 (⏸ 잔액 조건)
ATM Withdraw	373	Store Deposit	History	Apply 동작 확인  -ATM Withdrawal 정보 확인 			16_ATMWithdraw	[04] Withdraw - 신청 동작 확인 → ATM Withdrawal 정보 확인 (⏸ 잔액 조건)	0.65	16_ATMWithdraw	[01] Withdraw - First time using ATM Withdrawal → 출금 가이드 진입 확인
ATM Withdraw	374	Store Deposit	History	First time using ATM Withdrawal 선택 시 가이드 페이지 이동 확인  - 출금가이드 정상 진입 확인 			16_ATMWithdraw	[01] Withdraw - First time using ATM Withdrawal → 출금 가이드 진입 확인	0.70	16_ATMWithdraw	[04] Withdraw - 신청 동작 확인 → ATM Withdrawal 정보 확인 (⏸ 잔액 조건)
GME Wallet Statement	375	Store Deposit	History	잔액 정상 노출 확인 			17_WalletStatement	[01] Statement - 잔액 정상 노출 확인	1.00	23_MyWallet	[01] My Wallet 화면 진입 · 기본 요소 노출
GME Wallet Statement	376	Store Deposit	History	필터동작 확인  - 상태, 날짜			17_WalletStatement	[02] Statement - 필터동작 확인 - 상태, 날짜	0.61	17_WalletStatement	[01] Statement - 잔액 정상 노출 확인
Telecom	377	GME Mobile	Home	홈화면 이동 확인			18_Telecom	[01] GME Mobile - 홈화면 이동 확인	1.18	18_Telecom	[03] GME Mobile - Mobile SIM 선택 시 요금제 선택 페이지 발생 확인
Telecom	378	GME Mobile	Contact us	CS 팝업 발생 확인			18_Telecom	[02] GME Mobile - CS 팝업 발생 확인 (Contact us)	0.81	18_Telecom	[03] GME Mobile - Mobile SIM 선택 시 요금제 선택 페이지 발생 확인
Telecom	379	GME Mobile	GME Mobile	GME Mobile 선택 시  요금제 선택 페이지 발생 확인 			18_Telecom	[03] GME Mobile - Mobile SIM 선택 시 요금제 선택 페이지 발생 확인	1.00	18_Telecom	[04] GME Mobile - Line SIM / 선불 SIM 선택 시 요금제 목록 발생 확인
Telecom	380	GME Mobile	GME Mobile	Apply for line sim / Pre-paid 상품 선택시 요금제 발생 확인 			18_Telecom	[04] GME Mobile - Line SIM / 선불 SIM 선택 시 요금제 목록 발생 확인	0.61	18_Telecom	[03] GME Mobile - Mobile SIM 선택 시 요금제 선택 페이지 발생 확인
Telecom	381	GME Mobile	GME Mobile	임의의 요금제 선택 시 New Number / Same Number 선택 페이지 발생 확인 			18_Telecom	[05] 🚫 BLOCKED — 임의 요금제 선택 → New Number / Same Number 페이지	0.67	18_Telecom	[03] GME Mobile - Mobile SIM 선택 시 요금제 선택 페이지 발생 확인
Telecom	382	GME Mobile	GME Mobile	New Number 상품 요금제 정상신청 동작 확인 			18_Telecom	[06] 🚫 BLOCKED — New Number 상품 요금제 정상신청 동작 확인	0.85	18_Telecom	[07] 🚫 BLOCKED — Same Number 상품 요금제 정상신청 동작 확인
Telecom	383	GME Mobile	GME Mobile	Same Number 상품 요금제 정상신청 동작 확인 			18_Telecom	[07] 🚫 BLOCKED — Same Number 상품 요금제 정상신청 동작 확인	0.85	18_Telecom	[06] 🚫 BLOCKED — New Number 상품 요금제 정상신청 동작 확인
Telecom	384	GME Mobile	GME Mobile	Check My GME Mobile usage 선택시 신청한 유심 정보 정상적으로 노출되는지 확인 			18_Telecom	[08] GME Mobile - 사용량 확인 → 신청한 유심 정보 노출	0.60	18_Telecom	[03] GME Mobile - Mobile SIM 선택 시 요금제 선택 페이지 발생 확인
Issue Certificate	385	Certificate of Alien Registration	GME Mobile	외국인등록사실증명 동작 정상적으로 진행되는지 확인 			19_IssueCertificate	[01] Certificate - 외국인등록사실증명(Certificate of Alien Registration)	0.38	19_IssueCertificate	[04] Certificate - 주민등록등본(Household Register, For Koreans)
Issue Certificate	386	Household Register (For Koreans)	GME Mobile	주민등록등본 동작 정상적으로 진행되는지 확인 			19_IssueCertificate	[04] Certificate - 주민등록등본(Household Register, For Koreans)	0.17	19_IssueCertificate	[03] Certificate - 주민등록초본(Resident Registration, For Koreans)
Issue Certificate	387	Resident Registration (For Koreans)	GME Mobile	주민등록초본 동작 정상적으로 진행되는지 확인 			19_IssueCertificate	[03] Certificate - 주민등록초본(Resident Registration, For Koreans)	0.16	19_IssueCertificate	[04] Certificate - 주민등록등본(Household Register, For Koreans)
Issue Certificate	388	Certificate of Alien Income	GME Mobile	소득금액증명 정상적으로 진행되는지 확인 			19_IssueCertificate	[02] Certificate - 소득금액증명(Certificate of Alien Income, 홈택스)	0.35	19_IssueCertificate	[01] Certificate - 외국인등록사실증명(Certificate of Alien Registration)
Booking	389	Book Train Ticket	GME Mobile	KTX 예약 동작 정상적으로 진행되는지 확인  - GME Pay & 신용카드 결제 동작 확인 			20_Booking	[02] Book Train Ticket - KTX 예약 동작 정상적으로 진행되는지 확인	0.82	20_Booking	[01] View Booking History - 예약 이력 정상노출 확인
Booking	390	View Booking History	GME Mobile	예약 이력 정상노출 확인			20_Booking	[01] View Booking History - 예약 이력 정상노출 확인	1.18	20_Booking	[02] Book Train Ticket - KTX 예약 동작 정상적으로 진행되는지 확인
Card	391	View Booking History	GME Mobile	Balance 선택 시 금액 정상적으로 GME PAY 잔액 정상 노출 확인 			21_Card	[30] Balance - Balance 선택 시 GME PAY 잔액 정상 노출 확인	0.84	21_Card	[11] Card Management - 카드 비밀번호 정상 입력시 카드 정보 페이지 노출 확인
Card	392	Recharge_Wallet	Simple Password	간편비밀번호 일치 시 충전동작 확인 - 간편비밀번호 불일치 시 충전동작 불가 확인 			21_Card	[33-1] GME Shop_Wallet - 간편비밀번호 일치/불일치 시 구매동작 확인	0.59	21_Card	[31] Recharge (Wallet) - Simple PW 간편비밀번호 일치/불일치 확인
Card	393	Recharge_Wallet	Biometric	생체인식 일치 시 충전동작 확인 - 생체인식 불일치 시 간편비밀번호 발생 및 충전 확인			21_Card	[33-1] GME Shop_Wallet - 간편비밀번호 일치/불일치 시 구매동작 확인	0.36	21_Card	[31] Recharge (Wallet) - Simple PW 간편비밀번호 일치/불일치 확인
Card	394	Recharge_Openbanking (KFTC)	OTP / Password	OTP 일치 시 충전동작 확인 - OTP 불일치 시 충전불가 동작 확인  			21_Card	[33-1] GME Shop_Wallet - 간편비밀번호 일치/불일치 시 구매동작 확인	0.38	21_Card	[31] Recharge (Wallet) - Simple PW 간편비밀번호 일치/불일치 확인
Card	395	Recharge_Openbanking (KFTC)	Biometric	생체인식 틀릴시 충전 불가 확인  - OTP 입력페이지 발생 확인 및 정상 입력 시 송금 확인 			21_Card	[11] Card Management - 카드 비밀번호 정상 입력시 카드 정보 페이지 노출 확인	0.19	21_Card	[30] Balance - Balance 선택 시 GME PAY 잔액 정상 노출 확인
Card	396	Refund	Biometric	환불 정상적으로 진행되는지 확인  - Wallet으로 환불 확인			21_Card	[32] Refund - 환불 정상적으로 진행되는지 확인	0.92	21_Card	[24] Global QR - Wallet 지불 동작 확인
Card	397	GME Shop_Wallet	Simple Password	간편비밀번호 일치 시 구매동작 확인 - 간편비밀번호 불일치 시 구매동작 불가 확인 			21_Card	[33-1] GME Shop_Wallet - 간편비밀번호 일치/불일치 시 구매동작 확인	0.87	21_Card	[31] Recharge (Wallet) - Simple PW 간편비밀번호 일치/불일치 확인
Card	398	GME Shop_Wallet	Biometric	생체인식 일치 시 구매동작 확인 - 생체인식 불일치 시 간편비밀번호 발생 및 구매동작 확인			21_Card	[33-1] GME Shop_Wallet - 간편비밀번호 일치/불일치 시 구매동작 확인	0.68	21_Card	[31] Recharge (Wallet) - Simple PW 간편비밀번호 일치/불일치 확인
Card	399	GME Shop_Openbanking (KFTC)	OTP / Password	OTP 일치 시 구매동작 확인 - OTP 불일치 시 구매동작 불가확인			21_Card	[33-1] GME Shop_Wallet - 간편비밀번호 일치/불일치 시 구매동작 확인	0.47	21_Card	[33] GME Shop - GME Shop 화면 진입 확인
Card	400	GME Shop_Openbanking (KFTC)	Biometric	생체인식 틀릴시 구매 불가 확인  - OTP 입력페이지 발생 확인 및 정상 입력 시 구매 확인 			21_Card	[33] GME Shop - GME Shop 화면 진입 확인	0.26	21_Card	[11] Card Management - 카드 비밀번호 정상 입력시 카드 정보 페이지 노출 확인
Card	401	GME Shop_Openbanking (KFTC)	Purchase	GME Pay 잔액 부족 시 KFTC 연결 되어있을 경우 구매 동작 확인  - 부족한 잔액만큼 충전 확인 			21_Card	[33] GME Shop - GME Shop 화면 진입 확인	0.36	21_Card	[25] Global QR - KFTC 지불 동작 확인
Card	402	Card Apply	Purchase	카드선택페이지 정상 진입 확인 및 Apply 동작 확인			21_Card	[08] Card Change - 주소변경 시 카드수령지 정보 변경 동작 확인	0.30	21_Card	[24] Global QR - Wallet 지불 동작 확인
Card	403	Card Apply	Purchase	Select Pay service 선택 동작 확인			21_Card	[24] Global QR - Wallet 지불 동작 확인	0.34	21_Card	[25] Global QR - KFTC 지불 동작 확인
Card	404	Card Apply	Purchase	영문이름 수정 및 입력 동작 확인 			21_Card	[12] Card Management - CVC 번호 입력 및 카드 비밀번호 변경 동작 확인	0.34	21_Card	[25] Global QR - KFTC 지불 동작 확인
Card	405	Card Apply	Purchase	비밀번호 4자리 입력 동작 확인			21_Card	[12] Card Management - CVC 번호 입력 및 카드 비밀번호 변경 동작 확인	0.47	21_Card	[11] Card Management - 카드 비밀번호 정상 입력시 카드 정보 페이지 노출 확인
Card	406	Card Apply	Purchase	카드수령 동작 확인  - 비대면 택배  / 대면 택배 / 브랜치 수령 모두 확인 			21_Card	[08] Card Change - 주소변경 시 카드수령지 정보 변경 동작 확인	0.26	21_Card	[27] Mobile Transportation - 교통카드 삭제 동작 확인 (Android)
Card	407	Card Apply	Purchase	카드신청완료 동작 확인 			21_Card	[09] Card Change - 카드 정보 변경동작 확인	0.41	21_Card	[25] Global QR - KFTC 지불 동작 확인
Card	408	Card Change	Purchase	카드 수령지 상세정보 노출 확인			21_Card	[07] Card Change - 카드 수령지 상세정보 노출 확인	1.18	21_Card	[09] Card Change - 카드 정보 변경동작 확인
Card	409	Card Change	Purchase	주소변경 시 카드수령지 정보 변경 동작 확인 			21_Card	[08] Card Change - 주소변경 시 카드수령지 정보 변경 동작 확인	1.18	21_Card	[09] Card Change - 카드 정보 변경동작 확인
Card	410	Card Change	Purchase	카드 정보 변경동작 확인 			21_Card	[09] Card Change - 카드 정보 변경동작 확인	1.18	21_Card	[08] Card Change - 주소변경 시 카드수령지 정보 변경 동작 확인
Card	411	Card Cancel	Purchase	카드 취소시 정상취소 되는지 확인 			21_Card	[10] Card Cancel - 카드 취소시 정상취소 되는지 확인	1.18	21_Card	[09] Card Change - 카드 정보 변경동작 확인
Card	412	Card Management	View Card Benefits	카드 혜택페이지 이동 확인 			21_Card	[22] Card Management - 카드 혜택페이지 이동 확인 (View Card Benefits)	0.74	21_Card	[11] Card Management - 카드 비밀번호 정상 입력시 카드 정보 페이지 노출 확인
Card	413	Card Management	Card Number Details	카드 비밀번호 정상 입력시 카드 정보 페이지 노출 확인  - 카드번호 , CVC , 카드만료일			21_Card	[11] Card Management - 카드 비밀번호 정상 입력시 카드 정보 페이지 노출 확인	0.92	21_Card	[12] Card Management - CVC 번호 입력 및 카드 비밀번호 변경 동작 확인
Card	414	Card Management	Change Card PIN	CVC 번호 입력 및 카드 비밀번호 변경 동작 확인 			21_Card	[12] Card Management - CVC 번호 입력 및 카드 비밀번호 변경 동작 확인	1.18	21_Card	[11] Card Management - 카드 비밀번호 정상 입력시 카드 정보 페이지 노출 확인
Card	415	Card Management	Pause	Pause 버튼 선택 시 토글 스위치 ON/OFF 확인			21_Card	[13] Card Management - Pause 버튼 선택 시 토글 스위치 ON/OFF 확인	1.18	21_Card	[14] Card Management - Automatic Recharge 버튼 선택 시 토글 스위치 ON/OFF 확인
Card	416	Card Management	Automatic Recharge	Automatic Recharge 버튼 선택 시 토글 스위치 ON/OFF 확인			21_Card	[14] Card Management - Automatic Recharge 버튼 선택 시 토글 스위치 ON/OFF 확인	1.18	21_Card	[13] Card Management - Pause 버튼 선택 시 토글 스위치 ON/OFF 확인
Card	417	Card Management	Overseas Use	Overseas Use 버튼 선택 시 하위 메뉴 노출 확인  - Disable Offline Usage  - Disable O			21_Card	[15] Card Management - Overseas Use 버튼 선택 시 하위 메뉴 노출 확인	0.78	21_Card	[17] Card Management - Domestic Use 버튼 선택 시 하위 메뉴 노출 확인
Card	418	Card Management	Overseas Use	아래 버튼 체크 시 Overseas Use 버튼 OFF 상태 변경 확인  Disable Offline Usage  Disabl			21_Card	[16] Card Management - 아래 버튼 체크 시 Overseas Use 버튼 OFF 상태 변경 확인	0.83	21_Card	[18] Card Management - 아래 버튼 체크 시 Domestic Use 버튼 OFF 상태 변경 확인
Card	419	Card Management	Domestic Use	Domestic Use 버튼 선택 시 하위 메뉴 노출 확인  - Disable Offline Usage  - Disable O			21_Card	[17] Card Management - Domestic Use 버튼 선택 시 하위 메뉴 노출 확인	0.78	21_Card	[15] Card Management - Overseas Use 버튼 선택 시 하위 메뉴 노출 확인
Card	420	Card Management	Domestic Use	아래 버튼 체크 시 Domestic Use 버튼 OFF 상태 변경 확인  Disable Offline Usage  Disabl			21_Card	[18] Card Management - 아래 버튼 체크 시 Domestic Use 버튼 OFF 상태 변경 확인	0.83	21_Card	[16] Card Management - 아래 버튼 체크 시 Overseas Use 버튼 OFF 상태 변경 확인
Card	421	Card Management	Overseas Won Payment Restrictions	Overseas Won Payment Restrictions 버튼 선택 시 토글 스위치 ON/OFF 확인			21_Card	[19] Card Management - Overseas Won Payment Restrictions 토글 ON/OFF 확인	1.01	21_Card	[13] Card Management - Pause 버튼 선택 시 토글 스위치 ON/OFF 확인
Card	422	Card Management	Report Lost	카드 분실신고 동작 확인  -분실국가 , 분실도시 , 분실날짜 , 휴대폰번호 입력 동작 확인 			21_Card	[20] Card Management - 카드 분실신고 동작 확인 (Report Lost)	0.53	21_Card	[12] Card Management - CVC 번호 입력 및 카드 비밀번호 변경 동작 확인
Card	423	Card Management	Card Cancellation	카드 취소 선택 시 안내 바텀시트 발생 			21_Card	[21] Card Management - 카드 취소 선택 시 안내 바텀시트 발생 (Card Cancellation)	0.86	21_Card	[10] Card Cancel - 카드 취소시 정상취소 되는지 확인
Card	424	Global QR	Card Cancellation	Overseas QR Pay Guide 선택시 가이드 화면으로 이동 확인			21_Card	[23] Global QR - Overseas QR Pay Guide 선택시 가이드 화면으로 이동 확인	1.18	21_Card	[24] Global QR - Wallet 지불 동작 확인
Card	425	Global QR	Card Cancellation	Wallet 지불 동작 확인			21_Card	[24] Global QR - Wallet 지불 동작 확인	1.18	21_Card	[25] Global QR - KFTC 지불 동작 확인
Card	426	Global QR	Card Cancellation	KFTC 지불 동작 확인			21_Card	[25] Global QR - KFTC 지불 동작 확인	1.18	21_Card	[24] Global QR - Wallet 지불 동작 확인
Card	427	Mobile Transportation	Mobile Transportation  (Android)	잔액과 교통카드 번호 표시 확인			21_Card	[26] Mobile Transportation - 잔액과 교통카드 번호 표시 확인 (Android)	0.96	21_Card	[27] Mobile Transportation - 교통카드 삭제 동작 확인 (Android)
Card	428	Mobile Transportation	Mobile Transportation  (Android)	교통카드 삭제 동작 확인 - 재진입시, 삭제취소 동작 확인			21_Card	[27] Mobile Transportation - 교통카드 삭제 동작 확인 (Android)	0.69	21_Card	[26] Mobile Transportation - 잔액과 교통카드 번호 표시 확인 (Android)
Card	429	Mobile Transportation	Transportation Card	카드 태그시, 카드내역 표시 확인			21_Card	[28] Mobile Transportation - 카드 태그시 카드내역 표시 확인 (Transportation Card)	0.81	21_Card	[26] Mobile Transportation - 잔액과 교통카드 번호 표시 확인 (Android)
Card	430	Mobile Transportation	Transportation Card	[i]버튼 선택시 Easy Go Card Information 표시 확인			21_Card	[29] Mobile Transportation - [i]버튼 선택시 Easy Go Card Information 표시 확인	1.18	21_Card	[28] Mobile Transportation - 카드 태그시 카드내역 표시 확인 (Transportation Card)
Event	431	Ongoing Events	Spin & Win	Shrare With my Friends 동작 확인 - Send Link - Share QR			22_Event	[01] Ongoing Events - Share With my Friends 동작 확인	0.84		
Profile	432	Eidt Data	Profile Photo	프로필 사진 변경 동작 확인 - Take photo, Choose photo			25_Profile	[01-6] 정보 수정 - 프로필 사진 변경 동작 확인 (Take photo, Choose photo)	0.98	25_Profile	[01-5] 정보 수정 - 이메일 변경 동작 확인
Profile	433	Eidt Data	Phone Number	전화번호 변경 동작 확인 			25_Profile	[01-5] 정보 수정 - 이메일 변경 동작 확인	0.62	25_Profile	[01-3] 정보 수정 - 주소 변경 동작 확인 (직접입력 + GPS)
Profile	434	Eidt Data	Email	이메일 변경 동작 확인			25_Profile	[01-5] 정보 수정 - 이메일 변경 동작 확인	1.00	25_Profile	[01-3] 정보 수정 - 주소 변경 동작 확인 (직접입력 + GPS)
Profile	435	Eidt Data	Address	주소변경 동작 확인  - 직접입력 및 GPS 위치 동작 확인 			25_Profile	[01-3] 정보 수정 - 주소 변경 동작 확인 (직접입력 + GPS)	0.63	25_Profile	[01-5] 정보 수정 - 이메일 변경 동작 확인
Profile	436	Eidt Data	Occupation	직업변경 동작 확인 			25_Profile	[01-5] 정보 수정 - 이메일 변경 동작 확인	0.57	25_Profile	[01-3] 정보 수정 - 주소 변경 동작 확인 (직접입력 + GPS)
Profile	437	Eidt Data	Korean ID/ ARC	신분증 촬영 후 업로드 동작 확인			25_Profile	[01-7] 정보 수정 - 한국 신분증 업로드 동작 확인 (갤러리)	0.62	25_Profile	[01-5] 정보 수정 - 이메일 변경 동작 확인
Profile	438	Eidt Data	Passport	여권 촬영 후 업로드 동작 확인  -한국 국적 Passport 메뉴 미노출 확인 			25_Profile	[01-7] 정보 수정 - 한국 신분증 업로드 동작 확인 (갤러리)	0.31	25_Profile	[01-3] 정보 수정 - 주소 변경 동작 확인 (직접입력 + GPS)
Profile	439	Invite Friend	Send Link	링크 선택시, 동작 확인			25_Profile	[01-5] 정보 수정 - 이메일 변경 동작 확인	0.38	25_Profile	[01-7] 정보 수정 - 한국 신분증 업로드 동작 확인 (갤러리)
Profile	440	Invite Friend	Share QR	QR코드 촬영시, 동작 확인			25_Profile	[01-5] 정보 수정 - 이메일 변경 동작 확인	0.36	25_Profile	[01-7] 정보 수정 - 한국 신분증 업로드 동작 확인 (갤러리)
Profile	441	TRANSACTION HISTORY	Overseas Transfer	연간 잔여 송금 한도 표시 확인			25_Profile	[03] Profile - 연간 송금/수취 한도 표시 확인	0.76	25_Profile	[01-1] 정보 수정 - 항목 노출 확인
Profile	442	TRANSACTION HISTORY	Overseas Transfer	[i]버튼 선택시 'Information Shared' 바텀시트 발생 확인 - Learn more 선택시 제3자 개인정보 동의			25_Profile	[04] Profile - 거래 내역 → [i] "공유된 정보" → 자세히 알아보기 → 제3자 제공 동의서	0.16	25_Profile	[01] Profile - 정보 수정 진입 확인